Rk,Player,Age,Team,Lg,WAR,AB,R,H,2B,3B,HR,RBI,SO,BA,OBP,SLG,OPS,OPS+,rOBA,Rbat+,TB,Pos,Player-additional
1,Francisco Lindor#,31,NYM,NL,5.8,644,117,172,35,0,31,86,131,0.267,0.346,0.466,0.811,129,0.359,128,300,*6/DH,lindofr01
2,Rafael Devers*,28,2TM,2LG,4,607,99,153,33,0,35,109,192,0.252,0.372,0.479,0.851,140,0.366,139,291,*D3/5H,deverra01
2,Rafael Devers*,28,BOS,AL,2.3,272,47,74,18,0,15,58,76,0.272,0.401,0.504,0.905,151,0.387,153,137,D,deverra01
2,Rafael Devers*,28,SFG,NL,1.8,335,52,79,15,0,20,51,116,0.236,0.347,0.46,0.807,130,0.349,127,154,D3/5H,deverra01
3,Shohei Ohtani*,30,LAD,NL,6.6,611,146,172,25,9,55,102,187,0.282,0.392,0.622,1.014,179,0.423,175,380,*D1,ohtansh01
4,Matt Olson*,31,ATL,NL,6.1,624,98,170,41,2,29,95,176,0.272,0.366,0.484,0.85,138,0.368,136,302,*3,olsonma02
5,Kyle Schwarber*,32,PHI,NL,4.7,604,111,145,23,2,56,132,197,0.24,0.365,0.563,0.928,150,0.396,149,340,*D/7,schwaky01
6,Geraldo Perdomo#,25,ARI,NL,7,597,98,173,33,5,20,100,83,0.29,0.389,0.462,0.851,136,0.382,139,276,*6/H,perdoge01
7,Juan Soto*,26,NYM,NL,6.2,577,120,152,20,1,43,105,137,0.263,0.396,0.525,0.921,160,0.41,163,303,*9/D,sotoju01
8,Julio Rodríguez,24,SEA,AL,6.8,652,106,174,31,4,32,95,152,0.267,0.324,0.474,0.798,128,0.353,133,309,*8/DH,rodriju01
9,Pete Alonso,30,NYM,NL,3.4,624,87,170,41,1,38,126,162,0.272,0.347,0.524,0.871,144,0.371,142,327,*3/D,alonspe01
10,Randy Arozarena,30,SEA,AL,3.9,613,95,146,32,1,27,76,191,0.238,0.334,0.426,0.76,119,0.341,124,261,*7/D,arozara01
11,Cal Raleigh#,28,SEA,AL,7.3,596,110,147,24,0,60,125,188,0.247,0.359,0.589,0.948,169,0.392,165,351,*2D/H,raleica01
12,Elly De La Cruz#,23,CIN,NL,3.6,629,102,166,31,7,22,86,181,0.264,0.336,0.44,0.777,109,0.342,104,277,*6/DH,delacel01
13,Brent Rooker,30,ATH,AL,2.3,626,92,164,40,3,30,89,155,0.262,0.335,0.479,0.814,123,0.353,125,300,*D9/7H,rookebr01
14,Jarren Duran*,28,BOS,AL,4.6,620,86,159,41,13,16,84,169,0.256,0.332,0.442,0.774,114,0.345,118,274,*78/H9D,duranja01
15,Heliot Ramos,25,SFG,NL,1.2,620,85,159,24,1,21,69,158,0.256,0.328,0.4,0.728,108,0.319,107,248,*7/DH,ramoshe02
16,Steven Kwan*,27,CLE,AL,3.7,625,81,170,29,1,11,56,60,0.272,0.33,0.374,0.705,96,0.312,94,234,*7/D8,kwanst01
17,Fernando Tatis Jr.,26,SDP,NL,5.9,594,111,159,27,2,25,71,129,0.268,0.368,0.446,0.814,125,0.368,129,265,*9/D,tatisfe02
18,James Wood*,22,WSN,NL,3.7,598,87,153,38,0,31,94,221,0.256,0.35,0.475,0.825,132,0.357,132,284,*7D/H,woodja03
19,Bobby Witt Jr.,25,KCR,AL,7.1,623,99,184,47,6,23,88,125,0.295,0.351,0.501,0.852,136,0.37,136,312,*6/D,wittbo02
20,Willy Adames,29,SFG,NL,3.6,591,94,133,22,2,30,87,179,0.225,0.318,0.421,0.74,111,0.326,110,249,*6/D,adamewi01
21,TJ Friedl*,29,CIN,NL,2.3,579,82,151,22,2,14,53,115,0.261,0.364,0.378,0.742,102,0.341,106,219,*8/DH,friedtj01
22,Vinnie Pasquantino*,27,KCR,AL,2.4,621,72,164,33,1,32,113,107,0.264,0.323,0.475,0.798,120,0.343,121,295,*3D,pasquvi01
23,Vladimir Guerrero Jr.,26,TOR,AL,4.5,589,96,172,34,0,23,84,94,0.292,0.381,0.467,0.848,133,0.365,133,275,*3D/H,guerrvl02
24,Aaron Judge,33,NYY,AL,9.7,541,137,179,30,2,53,114,160,0.331,0.457,0.688,1.144,215,0.461,212,372,9D/H,judgeaa01
25,Manny Machado,32,SDP,NL,4.1,615,91,169,33,0,27,95,131,0.275,0.335,0.46,0.795,118,0.346,115,283,*5D,machama01
26,Luis Arráez*,28,SDP,NL,1.3,620,66,181,30,4,8,61,21,0.292,0.327,0.392,0.719,99,0.318,97,243,*3D4/H,arraelu01
27,José Ramírez#,32,CLE,AL,5.8,593,103,168,34,3,30,85,74,0.283,0.36,0.503,0.863,137,0.372,134,298,*5D,ramirjo01
28,Ozzie Albies#,28,ATL,NL,2.1,603,74,145,23,2,16,74,94,0.24,0.306,0.365,0.671,89,0.307,92,220,*4,albieoz01
29,Maikel Garcia,25,KCR,AL,5.8,595,81,170,39,5,16,74,84,0.286,0.351,0.449,0.8,123,0.348,123,267,*564/8DH9,garcima01
30,Mookie Betts,32,LAD,NL,4.8,589,95,152,23,2,20,82,68,0.258,0.326,0.406,0.732,104,0.322,102,239,*6/H9,bettsmo01
31,Ian Happ#,30,CHC,NL,4,569,87,138,32,0,23,79,151,0.243,0.342,0.42,0.762,120,0.338,122,239,*7/DH,happia01
32,Taylor Ward,31,LAA,AL,2.7,579,86,132,31,2,36,103,175,0.228,0.317,0.475,0.792,116,0.342,117,275,*7/DH,wardta01
33,William Contreras,27,MIL,NL,3.9,566,89,147,28,0,17,76,120,0.26,0.355,0.399,0.754,111,0.342,117,226,*2D/37,contrwi02
34,Brice Turang*,25,MIL,NL,5.5,584,97,168,28,2,18,81,150,0.288,0.359,0.435,0.794,121,0.355,123,254,*4/H6,turanbr02
35,Eugenio Suárez,33,2TM,2LG,3.6,588,91,134,28,0,49,118,196,0.228,0.298,0.526,0.824,126,0.354,127,309,*5/D3H,suareeu01
35,Eugenio Suárez,33,ARI,NL,3.3,387,64,96,19,0,36,87,117,0.248,0.32,0.576,0.897,142,0.386,145,223,5/DH3,suareeu01
35,Eugenio Suárez,33,SEA,AL,0.3,201,27,38,9,0,13,31,79,0.189,0.255,0.428,0.682,94,0.289,89,86,5/3,suareeu01
36,Cody Bellinger*,29,NYY,AL,5,588,89,160,25,5,29,98,90,0.272,0.334,0.48,0.813,125,0.349,123,282,*798/3H,bellico01
37,Riley Greene*,24,DET,AL,2.1,600,84,155,31,1,36,111,201,0.258,0.313,0.493,0.806,120,0.343,118,296,*7D8/H9,greenri03
38,Jose Altuve,35,HOU,AL,0.5,588,80,156,24,1,26,77,109,0.265,0.329,0.442,0.771,112,0.331,110,260,4D7/H,altuvjo01
39,J.P. Crawford*,30,SEA,AL,3.7,570,69,151,24,0,12,58,122,0.265,0.352,0.37,0.722,111,0.322,113,211,*6/H,crawfjp01
40,Bryan Reynolds#,30,PIT,NL,1.4,587,68,144,38,3,16,73,173,0.245,0.318,0.402,0.72,99,0.319,99,236,*9D/H,reynobr01
41,Trevor Story,32,BOS,AL,3.8,612,91,161,29,0,25,96,176,0.263,0.308,0.433,0.741,104,0.333,105,265,*6/HD,storytr01
42,Junior Caminero,21,TBR,AL,4.5,602,93,159,28,0,45,110,125,0.264,0.311,0.535,0.846,131,0.366,136,322,*5/DH3,caminju01
43,Brandon Nimmo*,32,NYM,NL,2.9,587,81,154,27,0,25,92,141,0.262,0.324,0.436,0.76,114,0.335,113,256,*7/8DH,nimmobr01
44,Yandy Díaz,33,TBR,AL,3.4,583,79,175,29,1,25,83,92,0.3,0.366,0.482,0.848,136,0.364,136,281,*D3,diazya01
45,Gunnar Henderson*,24,BAL,AL,5.4,577,85,158,34,5,17,68,137,0.274,0.349,0.438,0.787,121,0.349,122,253,*6/DH,hendegu01
46,Seiya Suzuki,30,CHC,NL,2.6,571,75,140,31,3,32,103,164,0.245,0.326,0.478,0.804,130,0.348,129,273,D97/H8,suzukse01
47,Nico Hoerner,28,CHC,NL,6.1,599,89,178,29,4,7,61,49,0.297,0.345,0.394,0.739,114,0.338,118,236,*4/6,hoernni01
48,Jackson Holliday*,21,BAL,AL,1,586,70,142,21,3,17,55,140,0.242,0.314,0.375,0.69,95,0.305,97,220,*4/6DH,hollija01
49,Spencer Torkelson,25,DET,AL,2.3,563,82,135,27,1,31,78,169,0.24,0.333,0.456,0.789,117,0.339,116,257,*3D/H,torkesp01
50,Pete Crow-Armstrong*,23,CHC,NL,6,591,91,146,37,4,31,95,155,0.247,0.287,0.481,0.768,118,0.337,117,284,*8/HD,crowape01
51,Dansby Swanson,31,CHC,NL,4.5,590,84,144,24,3,24,77,168,0.244,0.3,0.417,0.717,105,0.323,108,246,*6,swansda01
52,Christian Yelich*,33,MIL,NL,3.1,573,88,151,21,0,29,103,167,0.264,0.343,0.452,0.795,121,0.35,121,259,*D7/H,yelicch01
53,Corbin Carroll*,24,ARI,NL,5.8,564,107,146,32,17,31,84,153,0.259,0.343,0.541,0.883,140,0.382,137,305,*9/8DH,carroco02
54,Michael Harris II*,24,ATL,NL,2.1,611,55,152,26,6,20,86,128,0.249,0.268,0.409,0.678,88,0.295,83,250,*8/H,harrimi04
55,Salvador Perez,35,KCR,AL,0.4,597,54,141,35,0,30,100,125,0.236,0.284,0.446,0.729,100,0.311,97,266,2D3,perezsa02
56,Christian Walker,34,HOU,AL,0.2,585,72,139,24,1,27,88,177,0.238,0.297,0.421,0.717,97,0.312,96,246,*3/DH,walkech02
57,Trea Turner,32,PHI,NL,5.5,589,94,179,31,7,15,69,107,0.304,0.355,0.457,0.812,121,0.368,124,269,*6/DH,turnetr01
58,CJ Abrams*,24,WSN,NL,3.3,580,92,149,35,5,19,60,125,0.257,0.315,0.433,0.748,111,0.338,111,251,*6/HD,abramcj01
59,Lawrence Butler*,24,ATH,AL,1.9,569,83,133,30,2,21,63,179,0.234,0.306,0.404,0.71,96,0.313,95,230,*98H,butlela01
60,Bo Bichette,27,TOR,AL,3.4,582,78,181,44,1,18,94,91,0.311,0.357,0.483,0.84,129,0.364,132,281,*6/DH,bichebo01
61,Gleyber Torres,28,DET,AL,2.9,532,79,136,22,0,16,74,101,0.256,0.358,0.387,0.745,108,0.336,113,206,*4D/H,torregl01
62,Freddie Freeman*,35,LAD,NL,3.5,556,81,164,39,2,24,90,128,0.295,0.367,0.502,0.869,141,0.376,141,279,*3/H,freemfr01
63,Andy Pages,24,LAD,NL,3.8,581,74,158,27,1,27,86,135,0.272,0.313,0.461,0.774,114,0.338,115,268,*897,pagesan01
64,Tyler Soderstrom*,23,ATH,AL,4.4,561,75,155,34,1,25,93,141,0.276,0.346,0.474,0.82,126,0.352,125,266,73H/D,soderty01
65,Xavier Edwards#,25,MIA,NL,3.2,561,75,159,20,5,3,43,88,0.283,0.343,0.353,0.695,94,0.317,93,198,46/HD,edwarxa01
66,Jung Hoo Lee*,26,SFG,NL,1.8,560,73,149,31,12,8,55,71,0.266,0.327,0.407,0.735,110,0.329,112,228,*8/HD,leeju01
67,Nathaniel Lowe*,29,2TM,2LG,0.1,540,64,123,23,3,18,84,159,0.228,0.307,0.381,0.689,94,0.304,93,206,*3/HD,lowena01
67,Nathaniel Lowe*,29,WSN,NL,-0.3,440,50,95,17,2,16,68,130,0.216,0.292,0.373,0.665,88,0.297,88,164,*3/DH,lowena01
67,Nathaniel Lowe*,29,BOS,AL,0.4,100,14,28,6,1,2,16,29,0.28,0.37,0.42,0.79,121,0.336,115,42,3/HD,lowena01
68,Josh Naylor*,28,2TM,2LG,3.1,543,81,160,29,1,20,92,83,0.295,0.353,0.462,0.816,128,0.365,128,251,*3D/H,naylojo01
68,Josh Naylor*,28,ARI,NL,0.8,349,49,102,19,1,11,59,49,0.292,0.36,0.447,0.807,123,0.356,122,156,3D/H,naylojo01
68,Josh Naylor*,28,SEA,AL,2.2,194,32,58,10,0,9,33,34,0.299,0.341,0.49,0.831,138,0.38,141,95,3/DH,naylojo01
69,Kyle Tucker*,28,CHC,NL,4.5,500,91,133,25,4,22,73,88,0.266,0.377,0.464,0.841,143,0.375,143,232,*9D/H,tuckeky01
70,Anthony Volpe,24,NYY,AL,1.7,539,65,114,32,4,19,72,150,0.212,0.272,0.391,0.663,83,0.287,80,211,*6/H,volpean01
71,Sal Frelick*,25,MIL,NL,3,528,76,152,20,3,12,63,80,0.288,0.351,0.405,0.756,111,0.335,110,214,*98/H35,frelisa01
72,Otto López,26,MIA,NL,3.5,544,66,134,21,0,15,77,82,0.246,0.305,0.368,0.672,86,0.307,89,200,*64/HD,lopezot01
73,Michael Busch*,27,CHC,NL,4.5,524,78,137,25,5,34,90,139,0.261,0.343,0.523,0.866,147,0.376,148,274,*3H/D,buschmi02
74,Marcell Ozuna,34,ATL,NL,1.6,487,61,113,19,0,21,68,144,0.232,0.355,0.4,0.756,113,0.342,118,195,*D/H,ozunama01
75,Nick Castellanos,33,PHI,NL,-1,547,72,137,27,2,17,72,133,0.25,0.294,0.4,0.694,88,0.309,87,219,*9/DH,casteni01
76,Jackson Chourio,21,MIL,NL,2.2,549,88,148,35,4,21,78,121,0.27,0.308,0.463,0.77,112,0.339,112,254,*879/D,chourja01
77,Jordan Beck,24,COL,NL,0.9,539,62,139,27,5,16,53,174,0.258,0.317,0.416,0.732,94,0.327,94,224,*7H/D8,beckjo01
78,Ernie Clement,29,TOR,AL,4.3,545,83,151,35,2,9,50,61,0.277,0.313,0.398,0.711,95,0.306,91,217,5463H,clemeer01
79,Ceddanne Rafaela,24,BOS,AL,4.8,546,84,136,34,4,16,63,117,0.249,0.295,0.414,0.708,95,0.309,92,226,*84/H,rafaece01
80,George Springer,35,TOR,AL,4.8,498,106,154,27,1,32,84,111,0.309,0.399,0.56,0.959,161,0.414,165,279,D978/H,springe01
81,Ryan McMahon*,30,2TM,2LG,2.2,509,62,109,23,1,20,53,189,0.214,0.312,0.381,0.693,87,0.305,83,194,*5/HD,mcmahry01
81,Ryan McMahon*,30,COL,NL,1.2,350,42,76,15,1,16,35,127,0.217,0.314,0.403,0.717,90,0.314,86,141,5/HD,mcmahry01
81,Ryan McMahon*,30,NYY,AL,1,159,20,33,8,0,4,18,62,0.208,0.308,0.333,0.641,81,0.287,79,53,5/H,mcmahry01
82,Agustín Ramírez,23,MIA,NL,-0.4,537,72,124,33,1,21,67,113,0.231,0.287,0.413,0.701,92,0.31,89,222,2D/H,ramirag01
83,Carlos Correa,30,2TM,AL,1.5,537,63,148,29,0,13,52,113,0.276,0.332,0.402,0.734,103,0.323,103,216,65/H,correca01
83,Carlos Correa,30,MIN,AL,0.1,337,40,90,19,0,7,31,68,0.267,0.319,0.386,0.704,94,0.308,91,130,6/H,correca01
83,Carlos Correa,30,HOU,AL,1.3,200,23,58,10,0,6,21,45,0.29,0.355,0.43,0.785,117,0.349,123,86,5/6,correca01
84,Lars Nootbaar*,27,STL,NL,1.3,509,68,119,24,1,13,48,119,0.234,0.325,0.361,0.686,95,0.303,94,184,*798/HD,nootbla01
85,Trent Grisham*,28,NYY,AL,3.5,494,87,116,9,1,34,74,137,0.235,0.348,0.464,0.811,125,0.363,135,229,*8/H,grishtr01
86,Bryce Harper*,32,PHI,NL,3.2,501,72,131,32,0,27,75,121,0.261,0.357,0.487,0.844,129,0.367,127,244,*3/D,harpebr03
87,Hunter Goodman,25,COL,NL,3.7,540,73,150,28,5,31,91,152,0.278,0.323,0.52,0.843,120,0.367,124,281,2D/H,goodmhu01
88,Matt McLain,25,CIN,NL,0,510,73,112,18,0,15,50,167,0.22,0.3,0.343,0.643,74,0.297,72,175,*4/6HD,mclaima01
89,Jo Adell,26,LAA,AL,1.2,526,63,124,18,1,37,98,151,0.236,0.293,0.485,0.778,111,0.335,112,255,*89/HD,adelljo01
90,Wyatt Langford,23,TEX,AL,5.6,489,73,118,25,1,22,62,151,0.241,0.344,0.431,0.775,127,0.342,130,211,*78/H,langfwy01
91,Ke'Bryan Hayes,28,2TM,NL,1.5,527,50,124,16,3,5,49,111,0.235,0.29,0.306,0.595,65,0.275,64,161,*5/H,hayeske01
91,Ke'Bryan Hayes,28,PIT,NL,1.2,369,34,87,10,2,2,36,81,0.236,0.279,0.29,0.569,59,0.264,57,107,5/H,hayeske01
91,Ke'Bryan Hayes,28,CIN,NL,0.3,158,16,37,6,1,3,13,30,0.234,0.315,0.342,0.656,78,0.299,79,54,5,hayeske01
92,Miguel Vargas,25,CHW,AL,1.8,504,80,118,32,2,16,60,100,0.234,0.316,0.401,0.717,100,0.315,98,202,53/DH7,vargami01
93,Spencer Steer,27,CIN,NL,0.6,509,66,121,21,2,21,75,129,0.238,0.312,0.411,0.723,94,0.321,93,209,*3D7/H9,steersp01
94,Yainer Diaz,26,HOU,AL,2.7,542,56,139,25,1,20,70,95,0.256,0.284,0.417,0.701,92,0.309,94,226,*2D/H,diazya02
95,Jonathan India,28,KCR,AL,0.4,497,63,116,29,0,9,45,106,0.233,0.323,0.346,0.669,89,0.299,91,172,4D75/H,indiajo01
96,Trevor Larnach*,28,MIN,AL,0.1,503,62,126,24,1,17,60,122,0.25,0.323,0.404,0.727,99,0.323,103,203,D97H,larnatr01
97,Nolan Schanuel*,23,LAA,AL,1.3,488,64,129,23,1,12,53,71,0.264,0.353,0.389,0.742,107,0.329,108,190,*3,schanno01
98,Willson Contreras,33,STL,NL,2.6,490,70,126,31,1,20,80,142,0.257,0.344,0.447,0.791,122,0.349,123,219,*3D,contrwi01
99,Josh Smith*,27,TEX,AL,3,495,70,124,23,2,10,35,100,0.251,0.335,0.366,0.7,107,0.318,113,181,653HD/7948,smithjo11
100,Bryson Stott*,27,PHI,NL,2.1,499,66,128,22,3,13,66,91,0.257,0.328,0.391,0.719,96,0.324,95,195,*46H,stottbr01
101,Mike Yastrzemski*,34,2TM,2LG,2.7,477,68,111,28,1,17,46,108,0.233,0.333,0.403,0.735,109,0.328,111,192,*9H8/7D1,yastrmi01
101,Mike Yastrzemski*,34,SFG,NL,1.7,321,38,74,14,1,8,28,86,0.231,0.33,0.355,0.685,97,0.314,102,114,9/H1,yastrmi01
101,Mike Yastrzemski*,34,KCR,AL,1,156,30,37,14,0,9,18,22,0.237,0.339,0.5,0.839,131,0.354,128,78,98/7HD,yastrmi01
102,Ketel Marte#,31,ARI,NL,4.4,480,87,136,28,0,28,72,83,0.283,0.376,0.517,0.893,145,0.381,142,248,4D/H,marteke01
103,Mike Trout,33,LAA,AL,1.5,456,73,106,14,1,26,64,178,0.232,0.359,0.439,0.797,121,0.341,117,200,D9/H,troutmi01
104,Zach Neto,24,LAA,AL,5.1,502,82,129,29,1,26,62,149,0.257,0.319,0.474,0.793,117,0.341,115,238,*6/H,netoza01
105,Brandon Lowe*,30,TBR,AL,1.8,507,79,130,19,0,31,83,149,0.256,0.307,0.477,0.785,116,0.337,117,242,*4/DH3,lowebr01
106,Xander Bogaerts,32,SDP,NL,2,491,63,129,30,0,11,53,94,0.263,0.328,0.391,0.72,99,0.32,94,192,*6/DH,bogaexa01
107,Andrew McCutchen,38,PIT,NL,0.1,477,51,114,22,0,13,57,118,0.239,0.333,0.367,0.7,95,0.311,94,175,*D/H97,mccutan01
108,J.T. Realmuto,34,PHI,NL,2.6,502,57,129,26,1,12,52,129,0.257,0.315,0.384,0.7,91,0.312,89,193,*2/DH,realmjt01
109,Adolis García,32,TEX,AL,2.7,507,58,115,28,0,19,75,135,0.227,0.271,0.394,0.665,93,0.291,94,200,*9/DH,garciad02
110,Alec Burleson*,26,STL,NL,1.8,497,54,144,26,2,18,69,79,0.29,0.343,0.459,0.801,125,0.352,126,228,379D/H1,burleal01
111,Lourdes Gurriel Jr.,31,ARI,NL,0.4,500,52,124,24,2,19,80,76,0.248,0.295,0.418,0.713,95,0.314,94,209,*7D/H,gurrilo01
112,Teoscar Hernández,32,LAD,NL,1.5,511,65,126,29,1,25,89,134,0.247,0.284,0.454,0.738,103,0.318,100,232,*9/H,hernate01
113,Gavin Sheets*,29,SDP,NL,0.7,492,57,124,28,1,19,71,107,0.252,0.317,0.429,0.746,105,0.326,103,211,7DH3,sheetga01
114,Oneil Cruz*,26,PIT,NL,0.3,471,62,94,18,3,20,61,174,0.2,0.298,0.378,0.676,87,0.312,85,178,*8H/D,cruzon01
115,Lenyn Sosa,25,CHW,AL,0.9,518,57,137,20,1,22,75,127,0.264,0.293,0.434,0.727,101,0.316,101,225,43D/H5,sosale01
116,Ryan O'Hearn*,31,2TM,2LG,2.4,474,67,133,21,1,17,63,109,0.281,0.366,0.437,0.803,125,0.352,126,207,3D9H/7,ohearry01
116,Ryan O'Hearn*,31,BAL,AL,2,311,45,88,15,1,13,43,63,0.283,0.374,0.463,0.837,136,0.362,136,144,3D9/H7,ohearry01
116,Ryan O'Hearn*,31,SDP,NL,0.5,163,22,45,6,0,4,20,46,0.276,0.35,0.387,0.736,105,0.332,107,63,3D/H9,ohearry01
117,Jeremy Peña,27,HOU,AL,5.6,493,68,150,30,2,17,62,93,0.304,0.363,0.477,0.84,132,0.368,132,235,*6/HD,penaje02
118,Byron Buxton,31,MIN,AL,4.9,488,97,129,21,7,35,83,148,0.264,0.327,0.551,0.878,136,0.383,139,269,*8/D,buxtoby01
119,Luis Rengifo#,28,LAA,AL,0.3,501,55,119,16,3,9,43,104,0.238,0.287,0.335,0.622,73,0.276,72,168,54H/9768D,rengilu01
120,Brenton Doyle,27,COL,NL,0.3,502,57,118,23,2,15,57,138,0.235,0.276,0.378,0.655,73,0.296,69,190,*8/HD,doylebr02
121,Masyn Winn,23,STL,NL,2.2,491,72,124,27,0,9,51,102,0.253,0.31,0.363,0.673,90,0.298,89,178,*6/H,winnma01
122,Matt Chapman,32,SFG,NL,4.1,454,76,105,23,2,21,61,126,0.231,0.34,0.43,0.77,120,0.341,122,195,*5,chapmma01
123,Paul Goldschmidt,37,NYY,AL,1.2,489,76,134,31,1,10,45,100,0.274,0.328,0.403,0.731,104,0.321,104,197,*3H/D8,goldspa01
124,Marcus Semien,34,TEX,AL,3.5,470,62,108,16,1,15,62,93,0.23,0.305,0.364,0.669,97,0.301,100,171,*4,semiema01
125,Josh Bell#,32,WSN,NL,0.5,468,54,112,17,1,22,63,88,0.239,0.326,0.421,0.747,111,0.327,112,197,D3H,belljo02
126,Jazz Chisholm Jr.*,27,NYY,AL,4.2,462,75,112,15,1,31,80,148,0.242,0.332,0.481,0.813,125,0.357,127,222,45/H,chishja01
127,Kyle Manzardo*,24,CLE,AL,0.4,470,47,110,19,2,27,70,135,0.234,0.313,0.455,0.768,110,0.331,109,214,D3H,manzaky01
128,Ben Rice*,26,NYY,AL,2.2,467,74,119,28,4,26,65,100,0.255,0.337,0.499,0.836,131,0.355,130,233,3D2H,ricebe01
129,Brooks Lee#,24,MIN,AL,-1,487,50,115,15,1,16,64,92,0.236,0.285,0.37,0.654,79,0.289,77,180,654H/D,leebr02
130,Luis García Jr.*,25,WSN,NL,0.4,488,67,123,28,1,16,66,84,0.252,0.289,0.412,0.701,97,0.31,96,201,*4H/3D,garcilu04
131,Jorge Polanco#,31,SEA,AL,2.6,471,64,125,30,0,26,78,82,0.265,0.326,0.495,0.821,134,0.348,134,233,D4H/53,polanjo01
132,Shea Langeliers,27,ATH,AL,3.9,481,73,133,32,0,31,72,103,0.277,0.325,0.536,0.861,134,0.363,131,258,2D/H,langesh01
133,Jacob Wilson,23,ATH,AL,2.9,486,62,151,26,0,13,63,39,0.311,0.355,0.444,0.8,121,0.354,127,216,*6/D,wilsoja05
134,Jake Cronenworth*,31,SDP,NL,2.4,419,61,103,20,1,11,59,107,0.246,0.367,0.377,0.744,108,0.339,114,158,*436/DH,croneja01
135,Brendan Donovan*,28,STL,NL,2.7,460,64,132,32,0,10,50,67,0.287,0.353,0.422,0.775,119,0.338,118,194,47/6DH,donovbr01
136,Eric Wagaman,27,MIA,NL,-0.4,476,56,119,28,3,9,53,100,0.25,0.296,0.378,0.674,86,0.303,86,180,*37HD/59,wagamer01
137,Josh Jung,27,TEX,AL,1.4,482,53,121,23,1,14,61,129,0.251,0.294,0.39,0.684,100,0.301,102,188,*5/DH,jungjo01
138,Zach McKinstry*,30,DET,AL,2.8,452,68,117,23,11,12,49,111,0.259,0.333,0.438,0.771,113,0.336,111,198,5697H/4D13,mckinza01
139,Caleb Durbin,25,MIL,NL,2.9,445,60,114,25,0,11,53,50,0.256,0.334,0.387,0.721,101,0.33,106,172,*54H/6,durbica01
140,Alejandro Kirk,26,TOR,AL,2.3,451,45,127,18,0,15,76,59,0.282,0.348,0.421,0.769,111,0.334,110,190,*2H/D,kirkal01
141,Joey Ortiz,26,MIL,NL,0.3,470,62,108,18,1,7,45,74,0.23,0.276,0.317,0.593,66,0.27,62,149,*6/H,ortizjo06
142,Chase Meidroth,23,CHW,AL,1.2,450,54,114,15,0,5,23,72,0.253,0.329,0.32,0.649,84,0.303,89,144,64/H,meidrch01
143,Alec Bohm,28,PHI,NL,1.3,464,53,133,18,3,11,59,82,0.287,0.331,0.409,0.741,102,0.334,105,190,53,bohmal01
144,Gavin Lux*,27,CIN,NL,-0.2,446,49,120,28,2,5,53,114,0.269,0.35,0.374,0.724,97,0.326,97,167,D74H/5,luxga01
145,Addison Barger*,25,TOR,AL,1.2,460,61,112,32,1,21,74,121,0.243,0.301,0.454,0.756,105,0.32,100,209,59H/D,bargead01
146,Harrison Bader,31,2TM,2LG,4.2,448,61,124,24,1,17,54,136,0.277,0.347,0.449,0.796,117,0.344,117,201,*87H/9,baderha01
146,Harrison Bader,31,MIN,AL,2.8,271,31,70,13,0,12,38,81,0.258,0.339,0.439,0.778,113,0.34,113,119,78H/9,baderha01
146,Harrison Bader,31,PHI,NL,1.4,177,30,54,11,1,5,16,55,0.305,0.361,0.463,0.824,124,0.351,122,82,8/H,baderha01
147,Cedric Mullins*,30,2TM,2LG,0.4,435,58,94,23,1,17,59,120,0.216,0.299,0.391,0.69,94,0.311,94,170,*8/HD,mullice01
147,Cedric Mullins*,30,BAL,AL,0,314,42,72,19,0,15,49,85,0.229,0.305,0.433,0.738,106,0.32,103,136,8/DH,mullice01
147,Cedric Mullins*,30,NYM,NL,0.3,121,16,22,4,1,2,10,35,0.182,0.284,0.281,0.565,62,0.287,71,34,8/H,mullice01
148,Jesús Sánchez*,27,2TM,2LG,1.3,451,61,107,21,4,14,48,110,0.237,0.304,0.395,0.699,92,0.312,91,178,*97H8/D,sanchje02
148,Jesús Sánchez*,27,MIA,NL,1.1,305,40,78,12,4,10,36,70,0.256,0.32,0.42,0.74,104,0.328,102,128,9H8/D7,sanchje02
148,Jesús Sánchez*,27,HOU,AL,0.2,146,21,29,9,0,4,12,40,0.199,0.269,0.342,0.611,69,0.277,68,50,79/HD,sanchje02
149,Alex Bregman,31,BOS,AL,3.5,433,64,118,28,0,18,62,70,0.273,0.36,0.462,0.821,128,0.357,130,200,*5/HD,bregmal01
150,Cam Smith,22,HOU,AL,1.9,441,55,104,21,3,9,51,137,0.236,0.312,0.358,0.671,87,0.304,88,158,*9H/D,smithca07
151,Ty France,30,2TM,AL,0.9,444,50,114,25,0,7,52,83,0.257,0.32,0.36,0.681,88,0.307,90,160,*3H/D4,francty01
151,Ty France,30,MIN,AL,0.7,350,41,88,19,0,6,44,63,0.251,0.32,0.357,0.678,87,0.309,91,125,3/H4,francty01
151,Ty France,30,TOR,AL,0.2,94,9,26,6,0,1,8,20,0.277,0.32,0.372,0.693,91,0.299,84,35,3H/D,francty01
152,Nick Kurtz*,22,ATH,AL,5.4,420,90,122,26,2,36,86,151,0.29,0.383,0.619,1.002,173,0.418,174,260,*3/DH,kurtzni01
153,Ramón Laureano,30,2TM,2LG,3.8,441,72,124,26,2,24,76,119,0.281,0.342,0.512,0.855,136,0.363,134,226,*798/DH,laurera01
153,Ramón Laureano,30,BAL,AL,3,259,45,75,17,0,15,46,72,0.29,0.355,0.529,0.884,146,0.373,146,137,97/DH8,laurera01
153,Ramón Laureano,30,SDP,NL,0.8,182,27,49,9,2,9,30,47,0.269,0.323,0.489,0.812,122,0.348,118,89,78/9HD,laurera01
154,Michael Conforto*,32,LAD,NL,-0.7,418,54,83,20,0,12,36,121,0.199,0.305,0.333,0.637,79,0.289,79,139,*7H,confomi01
155,Ángel Martínez#,23,CLE,AL,-0.7,446,56,100,23,2,11,45,110,0.224,0.269,0.359,0.628,73,0.275,68,160,*84H/97,martian02
156,Jackson Merrill*,22,SDP,NL,2.8,440,59,116,25,6,16,67,108,0.264,0.317,0.457,0.774,112,0.331,108,201,*8/H,merrija01
157,Max Kepler*,32,PHI,NL,0,417,58,90,19,0,18,52,93,0.216,0.3,0.391,0.691,88,0.303,83,163,*79H/8,keplema01
158,Carlos Santana#,39,2TM,2LG,1.1,415,49,91,11,0,11,54,91,0.219,0.308,0.325,0.633,77,0.289,77,135,3D/H5,santaca01
158,Carlos Santana#,39,CLE,AL,1.3,396,49,89,10,0,11,52,86,0.225,0.316,0.333,0.65,82,0.296,82,132,3D/H5,santaca01
158,Carlos Santana#,39,CHC,NL,-0.2,19,0,2,1,0,0,2,5,0.105,0.105,0.158,0.263,-25,0.113,-37,3,/3DH,santaca01
159,Gabriel Arias,25,CLE,AL,1.1,432,44,95,25,2,11,54,162,0.22,0.274,0.363,0.638,76,0.277,70,157,64/5H,ariasga01
160,Andrew Benintendi*,30,CHW,AL,1,420,57,101,16,2,20,63,82,0.24,0.307,0.431,0.738,104,0.322,105,181,7D/H,beninan01
161,Dillon Dingler,26,DET,AL,3.1,435,54,121,21,2,13,57,110,0.278,0.327,0.425,0.752,108,0.329,109,185,*2/HD,dingldi01
162,Alek Thomas*,25,ARI,NL,0.1,433,51,108,19,3,9,38,122,0.249,0.289,0.37,0.659,82,0.291,78,160,*8/HD,thomaal01
163,Colt Keith*,23,DET,AL,1.5,414,65,106,22,2,13,45,102,0.256,0.333,0.413,0.746,107,0.326,107,171,D54H3,keithco01
164,Kerry Carpenter*,27,DET,AL,1.8,433,66,109,18,5,26,62,106,0.252,0.291,0.497,0.788,114,0.335,114,215,9D7H,carpeke01
165,Ryan Jeffers,28,MIN,AL,1.2,406,47,108,26,0,9,47,91,0.266,0.356,0.397,0.752,108,0.332,109,161,2D/H,jeffery01
166,Wilmer Flores,33,SFG,NL,0.3,419,44,101,10,0,16,71,88,0.241,0.307,0.379,0.686,96,0.312,101,159,D3H/5,florewi01
167,Victor Scott II*,24,STL,NL,2.2,398,54,86,15,1,5,37,111,0.216,0.305,0.296,0.601,72,0.288,71,118,*8/97,scottvi01
168,Mark Vientos,25,NYM,NL,-0.2,424,44,99,21,2,17,61,115,0.233,0.289,0.413,0.702,97,0.31,98,175,5D/H3,vientma01
169,Jeff McNeil*,33,NYM,NL,2,399,42,97,21,5,12,54,55,0.243,0.335,0.411,0.746,111,0.333,113,164,487D/H93,mcneije01
170,Mickey Moniak*,27,COL,NL,-0.6,434,62,117,20,8,24,68,110,0.27,0.306,0.518,0.824,115,0.349,110,225,*98H7D,moniami01
171,Isiah Kiner-Falefa,30,2TM,2LG,1.6,431,45,113,21,2,2,40,77,0.262,0.297,0.334,0.631,76,0.291,76,144,654/H1,kineris01
171,Isiah Kiner-Falefa,30,PIT,NL,1.6,401,40,106,20,2,1,35,69,0.264,0.3,0.332,0.632,76,0.293,78,133,65/H,kineris01
171,Isiah Kiner-Falefa,30,TOR,AL,0,30,5,7,1,0,1,5,8,0.233,0.258,0.367,0.625,70,0.262,58,11,4/5H16,kineris01
172,Adam Frazier*,33,2TM,2LG,1.4,419,43,112,20,0,7,44,81,0.267,0.319,0.365,0.684,91,0.302,90,153,47H9/D5,fraziad01
172,Adam Frazier*,33,PIT,NL,0.3,235,22,60,10,0,3,21,45,0.255,0.318,0.336,0.654,83,0.292,82,79,47H/9,fraziad01
172,Adam Frazier*,33,KCR,AL,1.1,184,21,52,10,0,4,23,36,0.283,0.32,0.402,0.722,101,0.314,101,74,47/DH59,fraziad01
173,Kyle Stowers*,27,MIA,NL,3.6,399,61,115,21,3,25,73,125,0.288,0.368,0.544,0.912,149,0.391,148,217,79H8/D,stoweky01
174,Willi Castro#,28,2TM,2LG,-0.2,402,58,91,17,3,11,33,111,0.226,0.313,0.366,0.679,89,0.303,89,147,4975/86H1,castrwi01
174,Willi Castro#,28,MIN,AL,0.3,302,48,74,15,2,10,27,84,0.245,0.335,0.407,0.743,104,0.326,103,123,4795/618H,castrwi01
174,Willi Castro#,28,CHC,NL,-0.5,100,10,17,2,1,1,6,27,0.17,0.245,0.24,0.485,42,0.23,47,24,95/48H7,castrwi01
175,Patrick Bailey#,26,SFG,NL,1.1,409,47,91,18,3,6,55,133,0.222,0.277,0.325,0.602,73,0.269,70,133,*2H/D,bailepa01
176,Iván Herrera,25,STL,NL,2.2,388,54,110,13,0,19,66,84,0.284,0.373,0.464,0.837,136,0.372,140,180,D2/7H,herreiv01
177,Logan O'Hoppe,25,LAA,AL,-0.2,423,35,90,8,1,19,43,139,0.213,0.258,0.371,0.629,72,0.275,69,157,2H/D,ohopplo01
178,Tommy Pham,37,PIT,NL,1,392,44,96,17,1,10,52,94,0.245,0.33,0.37,0.7,95,0.317,98,145,*7/H9D,phamth01
179,Austin Wells*,25,NYY,AL,0,401,51,88,22,1,21,71,118,0.219,0.275,0.436,0.712,95,0.305,92,175,*2/HD,wellsau01
180,Austin Riley,28,ATL,NL,1.3,416,54,108,20,1,16,54,128,0.26,0.309,0.428,0.737,105,0.321,104,178,5,rileyau01
181,Andrew Vaughn,27,2TM,2LG,-0.4,406,35,103,22,0,14,65,80,0.254,0.307,0.411,0.719,99,0.311,96,167,3D/H,vaughan01
181,Andrew Vaughn,27,CHW,AL,-1.8,185,9,35,8,0,5,19,43,0.189,0.218,0.314,0.531,47,0.229,37,58,3D/H,vaughan01
181,Andrew Vaughn,27,MIL,NL,1.3,221,26,68,14,0,9,46,37,0.308,0.375,0.493,0.869,141,0.374,139,109,3/H,vaughan01
182,Drake Baldwin*,24,ATL,NL,3.3,405,56,111,18,2,19,80,68,0.274,0.341,0.469,0.81,126,0.358,130,190,2HD,baldwdr01
183,Carlos Narváez,26,BOS,AL,2.8,403,51,97,27,0,15,50,111,0.241,0.306,0.419,0.726,100,0.311,97,169,*2/HD,narvaca01
184,Corey Seager*,31,TEX,AL,6.1,380,61,103,19,0,21,50,87,0.271,0.373,0.487,0.86,151,0.37,153,185,6/D,seageco01
185,Isaac Collins#,27,MIL,NL,2.1,372,56,98,22,3,9,54,93,0.263,0.368,0.411,0.779,118,0.354,125,153,*7H/9D54,colliis01
186,Chandler Simpson*,24,TBR,AL,0.3,414,53,122,15,3,0,26,43,0.295,0.326,0.345,0.671,89,0.306,86,143,87/HD9,simpsch01
187,Nathan Lukes*,30,TOR,AL,1.9,388,55,99,19,2,12,65,60,0.255,0.323,0.407,0.73,100,0.313,97,158,*978H/D,lukesna01
188,Isaac Paredes,26,HOU,AL,2.3,378,53,96,15,1,20,53,76,0.254,0.352,0.458,0.809,123,0.353,127,173,5D/H,paredis01
189,Javier Báez,32,DET,AL,1.9,417,55,107,17,3,12,57,109,0.257,0.282,0.398,0.68,87,0.297,84,166,6854/H,baezja01
190,Matt Shaw,23,CHC,NL,3.1,393,57,89,21,3,13,44,94,0.226,0.295,0.394,0.69,98,0.309,99,155,*5/H4,shawma01
191,Nolan Arenado,34,STL,NL,1.3,401,48,95,18,1,12,52,49,0.237,0.289,0.377,0.666,87,0.297,86,151,5/DH,arenano01
192,Will Smith,30,LAD,NL,4.5,362,64,107,20,1,17,61,89,0.296,0.404,0.497,0.901,152,0.387,151,180,2H/D,smithwi05
193,Josh Lowe*,27,TBR,AL,0.2,396,56,87,21,2,11,40,109,0.22,0.283,0.366,0.65,81,0.289,77,145,9/HD,lowejo01
194,Jonah Heim#,30,TEX,AL,0.6,395,38,84,14,0,11,43,88,0.213,0.271,0.332,0.602,77,0.276,83,131,2DH,heimjo01
195,Brett Baty*,25,NYM,NL,3.1,393,53,100,13,2,18,50,108,0.254,0.313,0.435,0.748,111,0.336,113,171,54H/D,batybr01
196,Luis Robert Jr.,27,CHW,AL,1.4,382,52,85,12,0,14,53,112,0.223,0.297,0.364,0.661,85,0.307,88,139,8/DH,roberlu01
197,Jasson Domínguez#,22,NYY,AL,0.5,381,58,98,18,1,10,47,115,0.257,0.331,0.388,0.719,101,0.324,102,148,7HD,dominja01
198,Tyler Freeman,26,COL,NL,-1.3,377,50,106,20,2,2,31,51,0.281,0.354,0.361,0.715,92,0.324,93,136,9D4H/57,freemty01
199,Jake Mangum#,29,TBR,AL,1.7,405,37,120,18,1,3,40,64,0.296,0.33,0.368,0.698,96,0.313,93,149,*789/HD,manguja01
200,Brandon Marsh*,27,PHI,NL,1.7,379,59,106,25,2,11,43,110,0.28,0.342,0.443,0.785,114,0.346,112,168,*87H/9,marshbr02
201,Jonathan Aranda*,27,TBR,AL,3.4,370,56,117,22,0,14,59,107,0.316,0.393,0.489,0.883,146,0.377,147,181,3DH,arandjo01
202,Daniel Schneemann*,28,CLE,AL,1.9,379,48,78,18,1,12,41,117,0.206,0.283,0.354,0.636,76,0.288,77,134,458H96/7D,schneda04
203,Carson Kelly,30,CHC,NL,3.6,369,48,92,13,1,17,50,80,0.249,0.333,0.428,0.761,119,0.337,121,158,2/HD,kellyca02
204,Wilyer Abreu*,26,BOS,AL,3.2,373,53,92,17,0,22,69,101,0.247,0.317,0.469,0.786,116,0.332,112,175,9H/D,abreuwi02
205,Nick Allen,26,ATL,NL,0.6,371,32,82,11,0,0,22,99,0.221,0.284,0.251,0.535,53,0.243,50,93,*6/4H,allenni02
206,Austin Hays,29,CIN,NL,0.8,380,60,101,16,5,15,64,107,0.266,0.315,0.453,0.768,105,0.335,101,172,7D/H,haysau01
207,Bo Naylor*,25,CLE,AL,1.4,359,46,70,22,1,14,47,99,0.195,0.282,0.379,0.661,82,0.289,80,136,*2H,naylobo01
208,Ronald Acuña Jr.,27,ATL,NL,3.1,338,74,98,12,1,21,42,102,0.29,0.417,0.518,0.935,163,0.407,162,175,9/DH,acunaro01
209,Spencer Horwitz*,27,PIT,NL,1.6,364,55,99,26,0,11,51,73,0.272,0.353,0.434,0.787,118,0.346,119,158,3H/4D,horwisp01
210,Kyle Isbel*,28,KCR,AL,1.6,368,42,94,16,4,4,33,74,0.255,0.301,0.353,0.654,83,0.284,80,130,*8/H,isbelky01
211,Nick Gonzales,26,PIT,NL,-0.7,381,39,99,18,3,5,30,73,0.26,0.299,0.362,0.661,84,0.293,82,138,46,gonzani01
212,Nolan Jones*,27,CLE,AL,-1.1,355,34,75,14,2,5,34,113,0.211,0.296,0.304,0.6,68,0.272,66,108,*98H7/D,jonesno01
213,Royce Lewis,26,MIN,AL,0.7,376,36,89,18,0,13,52,80,0.237,0.283,0.388,0.671,83,0.303,85,146,5/DH,lewisro02
214,Edgar Quero#,22,CHW,AL,1.2,365,31,98,17,0,5,36,71,0.268,0.333,0.356,0.689,94,0.308,96,130,2DH,queroed01
215,Nolan Gorman*,25,STL,NL,0.2,351,48,72,14,1,14,46,136,0.205,0.296,0.37,0.666,88,0.294,86,130,54D/H3,gormano01
216,Mauricio Dubón,30,HOU,AL,1.8,369,43,89,21,0,7,33,42,0.241,0.289,0.355,0.644,78,0.281,72,131,74658H/39,dubonma01
217,Jordan Walker,23,STL,NL,-1.6,363,40,78,13,1,6,41,126,0.215,0.278,0.306,0.584,66,0.273,69,111,9/HD,walkejo02
218,Matt Wallner*,27,MIN,AL,0.5,336,47,68,16,3,22,40,114,0.202,0.311,0.464,0.776,110,0.337,113,156,9D/H,wallnma01
219,Ramón Urías,31,2TM,AL,2.3,352,33,85,17,0,11,44,88,0.241,0.292,0.384,0.675,88,0.296,86,135,54H/3D,uriasra01
219,Ramón Urías,31,BAL,AL,1.5,258,27,64,12,0,8,34,60,0.248,0.3,0.388,0.688,93,0.301,91,100,5/H3D4,uriasra01
219,Ramón Urías,31,HOU,AL,0.8,94,6,21,5,0,3,10,28,0.223,0.267,0.372,0.64,76,0.285,74,35,45/H,uriasra01
220,Liam Hicks*,26,MIA,NL,1.3,332,37,82,13,1,6,45,56,0.247,0.346,0.346,0.693,94,0.32,98,115,23HD,hicksli01
221,Ezequiel Tovar,23,COL,NL,0.7,360,44,91,18,4,9,33,98,0.253,0.294,0.4,0.694,83,0.305,80,144,6,tovarez01
222,Pedro Pagés,26,STL,NL,1.4,361,38,83,15,0,11,45,107,0.23,0.272,0.363,0.635,78,0.278,74,131,*2/34,pagespe02
223,Max Muncy*,34,LAD,NL,3.6,313,48,76,10,2,19,67,83,0.243,0.376,0.47,0.846,136,0.37,136,147,5H,muncyma01
224,Victor Caratini#,31,HOU,AL,0.9,344,35,89,14,0,12,46,65,0.259,0.324,0.404,0.728,101,0.319,101,139,2DH3,caratvi01
225,Kody Clemens*,29,2TM,2LG,1,348,46,74,12,4,19,52,93,0.213,0.281,0.434,0.715,94,0.306,88,151,34H79/18D,clemeko01
225,Kody Clemens*,29,PHI,NL,-0.1,6,0,0,0,0,0,0,0,0,0.143,0,0.143,-56,0.1,-60,0,/H47D,clemeko01
225,Kody Clemens*,29,MIN,AL,1.2,342,46,74,12,4,19,52,93,0.216,0.284,0.442,0.725,96,0.31,91,151,3497H/18,clemeko01
226,Mike Tauchman*,34,CHW,AL,1.9,335,44,88,17,1,9,40,86,0.263,0.356,0.4,0.756,112,0.339,117,134,9D/H,tauchmi01
227,Wenceel Pérez#,25,DET,AL,0.7,344,47,84,17,4,13,43,87,0.244,0.308,0.43,0.738,103,0.316,98,148,98/H7D,perezwe01
228,Brayan Rocchio#,24,CLE,AL,-0.2,344,34,80,18,2,5,44,77,0.233,0.29,0.34,0.63,75,0.278,71,117,64/H,rocchbr01
229,Jake Meyers,29,HOU,AL,2.5,343,53,100,15,2,3,24,67,0.292,0.354,0.373,0.727,103,0.333,109,128,8/H,meyerja02
230,Tommy Edman#,30,LAD,NL,1.1,346,49,78,13,1,13,49,61,0.225,0.274,0.382,0.655,82,0.302,88,132,485/HD,edmanto01
231,Jake Burger,29,TEX,AL,0.8,356,43,84,15,1,16,53,93,0.236,0.269,0.419,0.687,99,0.298,100,149,3DH,burgeja01
232,Jared Triolo,27,PIT,NL,2.4,331,41,75,18,2,7,24,76,0.227,0.311,0.356,0.667,86,0.318,94,118,6534/H1D,triolja01
233,Jurickson Profar#,32,ATL,NL,1,318,56,78,16,1,14,43,59,0.245,0.353,0.434,0.787,121,0.355,125,138,7/D,profaju01
234,José Caballero,28,2TM,AL,2.9,314,52,74,18,1,5,36,98,0.236,0.339,0.347,0.686,94,0.331,100,109,6954H7/D81,cabaljo01
234,José Caballero,28,TBR,AL,1.9,235,37,53,12,1,2,27,80,0.226,0.327,0.311,0.638,81,0.309,85,73,6594H/78D1,cabaljo01
234,José Caballero,28,NYY,AL,1.1,79,15,21,6,0,3,9,18,0.266,0.372,0.456,0.828,131,0.396,144,36,965/H47D,cabaljo01
235,Andrés Giménez*,26,TOR,AL,1.1,329,39,69,11,1,7,35,66,0.21,0.285,0.313,0.598,66,0.277,65,103,46/H,gimenan01
236,Adley Rutschman#,27,BAL,AL,1.9,322,37,71,16,2,9,29,57,0.22,0.307,0.366,0.673,90,0.297,89,118,2D/H,rutscad01
237,Jacob Young,25,WSN,NL,1.3,324,34,75,10,1,2,31,65,0.231,0.296,0.287,0.583,68,0.268,71,93,*8H/D,youngja03
238,Colton Cowser*,25,BAL,AL,1.1,327,36,64,14,0,16,40,128,0.196,0.269,0.385,0.655,83,0.292,79,126,87/9HD,cowseco01
239,Noelvi Marté,23,CIN,NL,1.4,339,45,89,17,2,14,51,85,0.263,0.3,0.448,0.748,99,0.337,103,152,95/H8D,marteno01
240,Ryan Mountcastle,28,BAL,AL,0.1,332,34,83,18,0,7,35,98,0.25,0.286,0.367,0.653,83,0.302,91,122,3D/H,mountry01
241,Jordan Westburg,26,BAL,AL,1.5,328,59,87,10,1,17,41,80,0.265,0.313,0.457,0.77,114,0.334,118,150,54D/H,westbjo01
242,Daylen Lile*,22,WSN,NL,0.7,321,51,96,15,11,9,41,56,0.299,0.347,0.498,0.845,137,0.368,142,160,97D/H,lileda01
243,Casey Schmitt,26,SFG,NL,0.6,312,34,74,15,0,12,40,83,0.237,0.305,0.401,0.706,101,0.311,101,125,453/H6D,schmica01
244,Freddy Fermin,30,2TM,2LG,2,319,32,80,13,0,5,26,65,0.251,0.297,0.339,0.636,78,0.284,77,108,2/HD4,fermifr01
244,Freddy Fermin,30,KCR,AL,1.1,192,17,49,7,0,3,12,37,0.255,0.309,0.339,0.648,82,0.284,80,65,2/HD4,fermifr01
244,Freddy Fermin,30,SDP,NL,0.9,127,15,31,6,0,2,14,28,0.244,0.278,0.339,0.617,70,0.285,73,43,2/H,fermifr01
245,JJ Bleday*,27,ATH,AL,-0.2,307,48,65,17,0,14,39,91,0.212,0.294,0.404,0.698,92,0.3,89,124,89H7/D,bledajj01
246,Jose Iglesias,35,SDP,NL,-0.7,306,29,70,11,0,3,36,56,0.229,0.298,0.294,0.592,66,0.288,74,90,465HD/7,iglesjo01
247,Javier Sanoja,22,MIA,NL,1.5,313,40,76,22,4,6,38,41,0.243,0.287,0.396,0.683,87,0.307,92,124,574H86/13D,sanojja01
248,Tyler Stephenson,28,CIN,NL,1.3,299,40,69,18,0,13,50,116,0.231,0.316,0.421,0.737,98,0.327,99,126,2D/H,stephty01
249,Romy González,28,BOS,AL,2,315,47,96,23,3,9,53,81,0.305,0.343,0.483,0.826,128,0.363,137,152,34H/D5,gonzaro01
250,Tyrone Taylor,31,NYM,NL,1.2,310,34,69,18,3,2,27,76,0.223,0.279,0.319,0.598,70,0.276,70,99,*8H/79,tayloty01
251,Miguel Andujar,30,2TM,2LG,0.8,321,36,102,17,1,10,44,49,0.318,0.352,0.47,0.822,125,0.355,124,151,57DH/39,andujmi01
251,Miguel Andujar,30,ATH,AL,0.2,218,22,65,10,1,6,27,30,0.298,0.329,0.436,0.765,111,0.33,108,95,57/H9D3,andujmi01
251,Miguel Andujar,30,CIN,NL,0.6,103,14,37,7,0,4,17,19,0.359,0.4,0.544,0.944,153,0.407,155,56,DH/37,andujmi01
252,Sean Murphy,30,ATL,NL,2.4,291,34,58,13,0,16,45,105,0.199,0.3,0.409,0.709,98,0.314,99,119,2H/D,murphse01
253,Connor Norby,25,MIA,NL,0.8,311,42,78,17,1,8,34,90,0.251,0.3,0.389,0.689,90,0.317,95,121,5/HD,norbyco01
254,Michael Toglia#,26,COL,NL,-1.7,306,22,58,15,1,11,32,132,0.19,0.258,0.353,0.611,61,0.272,54,108,3/DH,toglimi01
255,Danny Jansen,30,2TM,2LG,2.6,288,38,62,11,0,14,36,86,0.215,0.321,0.399,0.721,101,0.321,104,115,2H/D,janseda01
255,Danny Jansen,30,TBR,AL,1.9,221,28,45,8,0,11,29,68,0.204,0.314,0.389,0.703,96,0.312,98,86,2/H,janseda01
255,Danny Jansen,30,MIL,NL,0.7,67,10,17,3,0,3,7,18,0.254,0.346,0.433,0.779,117,0.352,123,29,2/HD,janseda01
256,Dane Myers,29,MIA,NL,-0.1,307,29,72,10,0,6,31,77,0.235,0.291,0.326,0.617,71,0.284,69,100,89H7/D,myersda01
257,Joey Bart,28,PIT,NL,0.4,285,21,71,12,1,4,30,93,0.249,0.355,0.34,0.696,96,0.32,100,97,2/HD,bartjo01
258,Luis Urías,28,ATH,AL,0.5,287,27,66,7,0,8,25,45,0.23,0.315,0.338,0.653,82,0.302,89,97,4/5H,uriaslu01
259,Starling Marte,36,NYM,NL,1,293,37,79,14,0,9,34,68,0.27,0.335,0.41,0.745,111,0.331,112,120,DH/79,martest01
260,Brooks Baldwin#,24,CHW,AL,-0.6,300,32,72,15,1,11,38,86,0.24,0.29,0.407,0.697,93,0.307,92,122,7895H46,baldwbr01
261,Santiago Espinal,30,CIN,NL,-1.4,301,25,73,12,0,0,16,38,0.243,0.292,0.282,0.575,57,0.257,48,85,54H7/93D6,espinsa01
262,Rhys Hoskins,32,MIL,NL,0.9,279,30,66,12,1,12,43,91,0.237,0.332,0.416,0.748,108,0.331,108,116,3/HD,hoskirh01
263,Kyle Higashioka,35,TEX,AL,1.6,303,33,73,14,1,11,47,72,0.241,0.291,0.403,0.693,102,0.305,105,122,2D/H,higasky01
264,Trey Sweeney*,25,DET,AL,-0.8,296,36,58,6,2,6,32,92,0.196,0.258,0.291,0.548,53,0.248,49,86,*6H,sweentr01
265,Michael A. Taylor,34,CHW,AL,0,295,33,59,20,1,9,35,110,0.2,0.259,0.366,0.625,73,0.268,65,108,*879H/D,taylomi02
266,Dylan Crews,23,WSN,NL,0.4,293,43,61,8,2,10,27,76,0.208,0.28,0.352,0.631,79,0.288,79,103,98/D,crewsdy01
267,Alex Call,30,2TM,NL,1.5,270,43,72,13,2,5,31,55,0.267,0.361,0.385,0.746,112,0.338,117,104,97H/D8,callal02
267,Alex Call,30,WSN,NL,1.1,197,30,54,9,2,3,26,36,0.274,0.371,0.386,0.756,117,0.345,124,76,97H/D8,callal02
267,Alex Call,30,LAD,NL,0.4,73,13,18,4,0,2,5,19,0.247,0.333,0.384,0.717,101,0.321,100,28,7H9/8D,callal02
268,Miguel Rojas,36,LAD,NL,2.1,290,35,76,18,0,7,27,46,0.262,0.318,0.397,0.715,100,0.319,98,115,456H/13,rojasmi02
269,Taylor Walls#,28,TBR,AL,2.6,282,36,62,14,1,4,38,70,0.22,0.28,0.319,0.599,68,0.269,66,90,6/H45D,wallsta01
270,Jorge Soler,33,LAA,AL,-0.5,279,31,60,12,0,12,34,94,0.215,0.293,0.387,0.68,87,0.303,89,108,9D/H,solerjo01
271,Rowdy Tellez*,30,2TM,AL,-0.3,289,34,66,11,0,17,49,83,0.228,0.276,0.443,0.719,106,0.308,105,128,3H/D1,tellero01
271,Rowdy Tellez*,30,SEA,AL,-0.8,173,20,36,6,0,11,27,49,0.208,0.249,0.434,0.682,93,0.289,89,75,3/HD,tellero01
271,Rowdy Tellez*,30,TEX,AL,0.4,116,14,30,5,0,6,22,34,0.259,0.315,0.457,0.772,124,0.336,128,53,3H/D1,tellero01
272,Gabriel Moreno,25,ARI,NL,1.6,277,44,79,12,1,9,40,53,0.285,0.353,0.433,0.786,117,0.341,115,120,2/DH,morenga01
273,Joc Pederson*,33,TEX,AL,-0.3,265,28,48,10,1,9,26,65,0.181,0.285,0.328,0.614,81,0.278,84,87,DH/39,pederjo01
274,Christopher Morel,26,TBR,AL,-0.3,278,37,61,16,0,11,33,109,0.219,0.289,0.396,0.684,90,0.306,92,110,7HD/94,morelch01
275,Roman Anthony*,21,BOS,AL,3.1,257,48,75,18,1,8,32,84,0.292,0.396,0.463,0.859,140,0.375,142,119,97D/H,anthoro01
276,Jose Trevino,32,CIN,NL,-0.2,282,30,67,20,0,4,22,39,0.238,0.272,0.351,0.623,68,0.278,63,99,2/D1H,trevijo01
277,Kyle Farmer,34,COL,NL,-0.8,277,24,63,14,0,8,31,66,0.227,0.28,0.365,0.645,71,0.288,68,101,4D3H65/1,farmeky01
278,Myles Straw,30,TOR,AL,2.9,267,51,70,14,1,4,32,50,0.262,0.313,0.367,0.68,87,0.311,87,98,*87H9/4,strawmy01
279,Kyle Teel*,23,CHW,AL,1.9,253,38,69,11,0,8,35,77,0.273,0.375,0.411,0.786,121,0.353,128,104,2D/H7,teelky01
280,Thomas Saggese,23,STL,NL,0.4,275,25,71,16,0,2,25,83,0.258,0.299,0.338,0.638,81,0.287,79,93,465/HD,saggeth01
281,Ben Williamson,24,SEA,AL,1.3,277,36,70,13,0,1,21,64,0.253,0.294,0.31,0.604,76,0.272,75,86,5/H,willibe03
282,Heriberto Hernández,25,MIA,NL,0.8,256,40,68,12,1,10,45,77,0.266,0.347,0.438,0.784,116,0.344,116,112,7D9H,hernahe01
283,Coby Mayo,23,BAL,AL,0.2,263,30,57,12,0,11,28,84,0.217,0.299,0.388,0.687,93,0.303,92,102,3/DH5,mayoco01
284,Randal Grichuk,33,2TM,2LG,-0.8,272,35,62,18,1,9,27,61,0.228,0.273,0.401,0.674,85,0.293,82,109,HD97/8,grichra01
284,Randal Grichuk,33,ARI,NL,-0.4,175,25,42,15,1,7,22,39,0.24,0.277,0.457,0.734,99,0.317,98,80,DH9/78,grichra01
284,Randal Grichuk,33,KCR,AL,-0.4,97,10,20,3,0,2,5,22,0.206,0.267,0.299,0.566,59,0.251,53,29,9H7/D8,grichra01
285,Mitch Garver,34,SEA,AL,-0.1,254,29,53,5,1,9,30,80,0.209,0.297,0.343,0.639,86,0.286,86,87,2DH,garvemi01
286,Yoán Moncada#,30,LAA,AL,0.7,248,39,58,13,2,12,35,75,0.234,0.336,0.448,0.783,116,0.339,116,111,5H/D,moncayo01
287,Pavin Smith*,29,ARI,NL,0.4,244,36,63,17,1,8,28,92,0.258,0.362,0.434,0.797,120,0.35,121,106,D3H,smithpa04
288,Riley Adams,29,WSN,NL,0.5,263,29,49,8,0,8,24,110,0.186,0.252,0.308,0.56,59,0.258,61,81,2/H3D,adamsri03
289,Colson Montgomery*,23,CHW,AL,3.3,255,43,61,9,1,21,55,83,0.239,0.311,0.529,0.84,130,0.357,131,135,65/H,montgco01
290,Abraham Toro#,28,BOS,AL,-0.2,259,33,62,13,0,7,27,42,0.239,0.289,0.371,0.659,83,0.299,88,96,35/H1,toroab01
291,Henry Davis,25,PIT,NL,0.7,252,25,42,7,0,7,22,76,0.167,0.234,0.278,0.512,42,0.237,40,70,2/HD,davishe01
292,Elias Díaz,34,SDP,NL,-0.2,255,34,52,7,0,9,29,74,0.204,0.27,0.337,0.607,67,0.271,63,86,2H,diazel01
293,Luis Torrens,29,NYM,NL,1.4,261,20,59,14,1,5,29,56,0.226,0.284,0.345,0.629,78,0.283,78,90,2H/1D3,torrelu01
294,Giancarlo Stanton,35,NYY,AL,1.9,249,36,68,8,0,24,66,96,0.273,0.35,0.594,0.944,158,0.398,162,148,D9H/7,stantmi03
295,Francisco Alvarez,23,NYM,NL,2.1,246,32,63,12,1,11,32,73,0.256,0.339,0.447,0.787,122,0.35,126,110,2/HD,alvarfr01
296,Michael Massey*,27,KCR,AL,-0.1,262,20,64,9,0,3,20,43,0.244,0.268,0.313,0.581,63,0.255,57,82,47/HD,massemi02
297,Brady House,22,WSN,NL,-0.6,261,26,61,11,0,4,29,78,0.234,0.252,0.322,0.574,62,0.252,58,84,5/H,housebr01
298,Daulton Varsho*,28,TOR,AL,2.8,248,43,59,13,2,20,55,77,0.238,0.284,0.548,0.833,122,0.343,116,136,8/HD,varshda01
299,Eli White,31,ATL,NL,0.7,256,43,60,8,3,10,35,70,0.234,0.27,0.406,0.677,88,0.308,89,104,97H/D83,whiteel04
300,Dominic Canzone*,27,SEA,AL,1.6,243,30,73,11,0,11,32,59,0.3,0.358,0.481,0.84,142,0.361,142,117,9H/D,canzodo01
301,Keibert Ruiz#,26,WSN,NL,0.8,255,19,63,12,0,2,25,26,0.247,0.277,0.318,0.595,69,0.271,73,81,2/H,ruizke01
302,Blaze Alexander,26,ARI,NL,1.7,230,31,53,12,1,7,28,86,0.23,0.323,0.383,0.706,95,0.315,101,88,54/H78D,alexabl01
303,Oswald Peraza,25,2TM,AL,-0.6,244,24,40,6,0,5,20,80,0.164,0.223,0.25,0.473,33,0.225,28,61,5H346/1D,perazos02
303,Oswald Peraza,25,NYY,AL,-0.2,158,18,24,5,0,3,13,47,0.152,0.212,0.241,0.452,27,0.214,24,38,54/H6D,perazos02
303,Oswald Peraza,25,LAA,AL,-0.5,86,6,16,1,0,2,7,33,0.186,0.245,0.267,0.512,43,0.243,34,23,35H/61,perazos02
304,Curtis Mead,24,2TM,AL,-0.2,240,26,56,10,1,3,19,63,0.233,0.299,0.321,0.62,75,0.282,74,77,35H4/D,meadcu01
304,Curtis Mead,24,TBR,AL,0.4,115,14,26,2,1,3,8,33,0.226,0.318,0.339,0.657,85,0.304,90,39,34H/5D,meadcu01
304,Curtis Mead,24,CHW,AL,-0.6,125,12,30,8,0,0,11,30,0.24,0.28,0.304,0.584,64,0.26,59,38,53/HD,meadcu01
305,Kristian Campbell,23,BOS,AL,-1,229,24,51,10,0,6,21,72,0.223,0.319,0.345,0.664,86,0.299,88,79,4/8H7D,campbkr01
306,Edmundo Sosa,29,PHI,NL,2.3,243,30,67,12,1,11,39,56,0.276,0.307,0.469,0.777,109,0.337,109,114,456H/78D,sosaed01
307,Cole Young*,21,SEA,AL,0.5,223,24,47,7,1,4,24,47,0.211,0.302,0.305,0.607,78,0.273,77,68,4/H6D,youngco01
308,Kiké Hernández,33,LAD,NL,0.1,232,30,47,8,0,10,35,68,0.203,0.255,0.366,0.621,72,0.276,71,85,357H4/81D,hernaen02
309,Will Benson*,27,CIN,NL,0.6,230,31,52,8,2,12,41,67,0.226,0.273,0.435,0.708,88,0.301,81,100,97H8/D,bensowi01
310,Tyler Fitzgerald,27,SFG,NL,0.9,217,19,47,10,1,4,14,70,0.217,0.278,0.327,0.606,74,0.276,75,71,4/H9,fitzgty01
311,Dylan Moore,32,2TM,AL,0.5,219,35,44,5,0,11,25,82,0.201,0.267,0.374,0.642,85,0.288,88,82,H4935/6D8,mooredy01
311,Dylan Moore,32,SEA,AL,0.2,192,29,37,5,0,9,19,76,0.193,0.263,0.359,0.622,79,0.283,83,69,H9435/6D8,mooredy01
311,Dylan Moore,32,TEX,AL,0.3,27,6,7,0,0,2,6,6,0.259,0.3,0.481,0.781,126,0.326,122,13,4/HD39,mooredy01
312,LaMonte Wade Jr.*,31,2TM,2LG,-1.7,209,19,35,8,2,2,18,58,0.167,0.271,0.254,0.524,51,0.247,52,53,39H/D7,wadela01
312,LaMonte Wade Jr.*,31,SFG,NL,-1.2,144,12,24,8,2,1,15,35,0.167,0.275,0.271,0.546,58,0.255,61,39,3/HD,wadela01
312,LaMonte Wade Jr.*,31,LAA,AL,-0.5,65,7,11,0,0,1,3,23,0.169,0.26,0.215,0.476,35,0.227,32,14,9/H37,wadela01
313,Nick Fortes,28,2TM,2LG,0.7,218,19,50,9,1,5,21,47,0.229,0.296,0.349,0.644,79,0.293,81,76,2H/D,forteni01
313,Nick Fortes,28,MIA,NL,0.4,129,11,31,6,1,2,10,22,0.24,0.288,0.349,0.637,76,0.278,69,45,2/HD,forteni01
313,Nick Fortes,28,TBR,AL,0.3,89,8,19,3,0,3,11,25,0.213,0.307,0.348,0.655,84,0.313,97,31,2/HD,forteni01
314,Dylan Carlson#,26,BAL,AL,-0.7,217,17,44,9,1,6,20,54,0.203,0.278,0.336,0.614,73,0.274,75,73,798H,carlsdy01
315,Alexander Canario,25,PIT,NL,0.4,216,25,47,6,1,6,20,80,0.218,0.274,0.338,0.611,70,0.279,70,73,789H/D,canaral01
316,Jakob Marsee*,24,MIA,NL,1.9,209,28,61,18,3,5,33,48,0.292,0.363,0.478,0.842,132,0.365,130,100,87/9H,marseja01
317,Jac Caglianone*,22,KCR,AL,-1.3,210,19,33,6,1,7,18,52,0.157,0.237,0.295,0.532,49,0.238,43,62,93/DH,caglija01
318,Travis d'Arnaud,36,LAA,AL,-0.3,213,16,42,13,0,6,21,74,0.197,0.255,0.343,0.598,65,0.26,58,73,2/HD,darnatr01
319,Davis Schneider,26,TOR,AL,1.3,188,33,44,5,0,11,31,60,0.234,0.361,0.436,0.797,119,0.36,128,82,74H/5D,schneda03
320,Dominic Smith*,30,SFG,NL,0.4,204,26,58,12,0,5,33,42,0.284,0.333,0.417,0.75,114,0.329,112,85,3/HD9,smithdo02
321,Tim Tawa,26,ARI,NL,0.6,199,29,40,8,0,7,18,64,0.201,0.274,0.347,0.62,71,0.284,70,69,4387H/59,tawati01
322,Jake McCarthy*,27,ARI,NL,-0.6,206,18,42,7,5,4,20,40,0.204,0.247,0.345,0.591,62,0.271,59,71,789/HD,mccarja02
323,Anthony Santander#,30,TOR,AL,-1,194,16,34,5,0,6,18,61,0.175,0.271,0.294,0.565,57,0.253,51,57,D9/7H3,santaan02
324,Evan Carter*,22,TEX,AL,1.9,194,31,48,9,2,5,25,41,0.247,0.336,0.392,0.728,114,0.333,118,76,8/HD,carteev01
325,Max Muncy,22,ATH,AL,0,206,17,44,7,0,9,23,68,0.214,0.259,0.379,0.638,75,0.276,71,78,54/6H,muncyma02
326,Ezequiel Durán,26,TEX,AL,0.3,205,16,46,14,0,0,14,55,0.224,0.266,0.293,0.559,65,0.251,61,60,63H45/91D7,duranez01
327,Luke Raley*,30,SEA,AL,-0.3,183,23,37,8,0,4,19,64,0.202,0.319,0.311,0.631,85,0.294,94,57,93H/8D7,raleylu01
328,Drew Waters#,26,KCR,AL,-0.4,206,21,50,6,3,1,14,60,0.243,0.288,0.316,0.603,70,0.281,76,65,789/HD,waterdr01
329,Jake Bauers*,29,MIL,NL,0.7,183,28,43,9,0,7,28,59,0.235,0.353,0.399,0.752,111,0.34,111,73,3H7/D19,bauerja01
330,Otto Kemp,25,PHI,NL,0,197,26,46,11,0,8,28,67,0.234,0.298,0.411,0.709,92,0.314,93,81,537/H4,kempot01
331,Kameron Misner*,27,TBR,AL,0.7,197,27,42,9,1,5,22,69,0.213,0.273,0.345,0.618,72,0.279,69,68,89/7HD,misneka01
332,Jake Fraley*,30,2TM,NL,0.4,191,31,46,9,0,6,23,49,0.241,0.332,0.382,0.714,94,0.323,99,73,9H/7D,fraleja01
332,Jake Fraley*,30,CIN,NL,0.4,168,29,39,8,0,6,23,41,0.232,0.332,0.387,0.719,94,0.324,96,65,9H/7D,fraleja01
332,Jake Fraley*,30,ATL,NL,0,23,2,7,1,0,0,0,8,0.304,0.333,0.348,0.681,93,0.319,117,8,/9H7D,fraleja01
333,Christian Vázquez,34,MIN,AL,0.5,190,14,36,7,0,3,14,35,0.189,0.271,0.274,0.545,52,0.259,56,52,2/H,vazquch01
334,Orlando Arcia,30,2TM,NL,-1.2,203,13,41,7,1,3,13,47,0.202,0.238,0.291,0.529,42,0.243,39,59,6453/HD,arciaor01
334,Orlando Arcia,30,ATL,NL,-0.1,31,1,6,1,0,0,1,8,0.194,0.219,0.226,0.445,26,0.23,39,7,6/DH,arciaor01
334,Orlando Arcia,30,COL,NL,-1.1,172,12,35,6,1,3,12,39,0.203,0.242,0.302,0.544,44,0.245,39,52,4563/HD,arciaor01
335,Parker Meadows*,25,DET,AL,0.2,191,22,41,6,2,4,16,56,0.215,0.291,0.33,0.621,73,0.279,69,63,8/H,meadopa01
336,Max Schuemann,28,ATH,AL,0.2,183,20,36,4,2,2,13,35,0.197,0.295,0.273,0.568,60,0.273,63,50,45H6/789D,schuema01
337,Alex Verdugo*,29,ATL,NL,-0.3,197,21,47,10,0,0,12,31,0.239,0.296,0.289,0.585,67,0.269,66,57,7/H,verdual01
338,Josh Rojas*,31,CHW,AL,-1.5,189,14,34,9,0,2,11,48,0.18,0.252,0.259,0.512,45,0.246,48,49,54/7H,rojasjo01
339,Tyler O'Neill,30,BAL,AL,-0.6,181,22,36,6,1,9,26,51,0.199,0.292,0.392,0.684,92,0.302,90,71,9D/7H,oneilty01
340,Rob Refsnyder,34,BOS,AL,1.2,182,29,49,12,0,9,30,54,0.269,0.354,0.484,0.838,131,0.368,135,88,9HD7,refsnro01
341,Nacho Alvarez Jr.,22,ATL,NL,0.8,188,18,44,12,0,2,15,49,0.234,0.296,0.33,0.626,77,0.28,74,62,5/H,alvarna01
342,Paul DeJong,31,WSN,NL,-0.1,193,18,44,10,0,6,23,70,0.228,0.269,0.373,0.642,81,0.283,75,72,546/D3H,dejonpa01
343,Edouard Julien*,26,MIN,AL,-0.8,182,13,40,10,0,3,12,61,0.22,0.309,0.324,0.633,76,0.274,72,59,34D/H6,julieed01
344,Luke Keaschall,22,MIN,AL,2,182,25,55,14,0,4,28,29,0.302,0.382,0.445,0.827,128,0.377,135,81,4/D,keasclu01
345,Ryan Ritter,24,COL,NL,0.3,187,22,45,9,3,1,18,61,0.241,0.296,0.337,0.632,69,0.29,67,63,64/H,rittery01
346,Robert Hassell III*,23,WSN,NL,0,197,22,44,9,0,3,18,62,0.223,0.257,0.315,0.572,62,0.266,64,62,89H/7D,hassero02
347,Masataka Yoshida*,31,BOS,AL,0.2,188,16,50,11,0,4,26,24,0.266,0.307,0.388,0.696,93,0.32,100,73,D/H79,yoshima02
348,José Herrera#,28,ARI,NL,0,166,21,31,6,0,2,17,47,0.187,0.285,0.259,0.544,53,0.254,49,43,2/1,herrejo04
349,Yordan Alvarez*,28,HOU,AL,0.7,165,17,45,8,0,6,27,33,0.273,0.367,0.43,0.797,121,0.339,117,71,D7/H,alvaryo01
350,Darell Hernaiz,23,ATH,AL,-0.2,173,17,40,5,1,2,16,24,0.231,0.292,0.306,0.599,67,0.273,72,53,654,hernada04
351,Gio Urshela,33,ATH,AL,-0.9,181,10,43,14,1,0,20,40,0.238,0.287,0.326,0.613,71,0.271,68,59,5/3DH,urshegi01
352,David Hamilton*,27,BOS,AL,1.1,177,27,35,4,1,6,19,47,0.198,0.257,0.333,0.59,63,0.274,60,59,4H6/D5,hamilda03
353,Luisangel Acuña,23,NYM,NL,0.6,175,30,41,7,0,0,8,37,0.234,0.293,0.274,0.567,63,0.273,59,48,4H/658,acunajo01
354,Andy Ibáñez,32,DET,AL,0.5,176,24,42,8,0,4,21,26,0.239,0.301,0.352,0.653,81,0.292,80,62,5H4/3D67,ibanean01
355,Christian Koss,27,SFG,NL,1.6,174,25,46,9,0,3,23,45,0.264,0.309,0.368,0.676,94,0.317,103,64,4H5/61D,kossch01
356,Justin Turner,40,CHC,NL,-0.1,169,14,37,7,0,3,18,37,0.219,0.288,0.314,0.602,75,0.282,81,53,3HD5,turneju01
357,Amed Rosario,29,2TM,2LG,0.3,181,20,50,11,0,6,23,31,0.276,0.309,0.436,0.745,109,0.328,109,79,54H/9D16,rosaram01
357,Amed Rosario,29,WSN,NL,0.3,148,19,40,8,0,5,18,22,0.27,0.31,0.426,0.736,107,0.326,108,63,54H/D169,rosaram01
357,Amed Rosario,29,NYY,AL,0,33,1,10,3,0,1,5,9,0.303,0.303,0.485,0.788,116,0.335,115,16,/59H4,rosaram01
358,Ha-Seong Kim,29,2TM,2LG,0.4,171,19,40,4,0,5,17,39,0.234,0.304,0.345,0.649,83,0.29,80,59,6/4H,kimha01
358,Ha-Seong Kim,29,TBR,AL,0.1,84,5,18,3,0,2,5,23,0.214,0.29,0.321,0.612,72,0.283,69,27,6/4,kimha01
358,Ha-Seong Kim,29,ATL,NL,0.2,87,14,22,1,0,3,12,16,0.253,0.316,0.368,0.684,93,0.297,90,32,6/H,kimha01
359,Matt Thaiss*,30,2TM,AL,1.2,156,16,34,6,1,1,16,46,0.218,0.349,0.288,0.638,83,0.299,89,45,2/H3D,thaisma01
359,Matt Thaiss*,30,CHW,AL,1.1,85,11,18,4,0,1,8,21,0.212,0.382,0.294,0.676,94,0.323,108,25,2/H3D,thaisma01
359,Matt Thaiss*,30,TBR,AL,0.1,71,5,16,2,1,0,8,25,0.225,0.304,0.282,0.585,66,0.265,63,20,2/3H,thaisma01
360,Nick Loftin,26,KCR,AL,-0.4,168,17,35,9,2,4,20,27,0.208,0.278,0.357,0.635,77,0.273,70,60,7H45/3D,loftini01
361,Connor Wong,29,BOS,AL,-0.6,168,16,32,8,0,0,7,42,0.19,0.262,0.238,0.5,42,0.242,46,40,2/H3D,wongco01
362,Luis Matos,23,SFG,NL,-0.2,172,26,38,9,1,8,22,27,0.221,0.266,0.424,0.691,95,0.306,93,73,97/8HD,matoslu02
363,Ronny Mauricio#,24,NYM,NL,0.7,168,19,38,6,0,6,10,54,0.226,0.293,0.369,0.663,88,0.303,89,62,5H/46D,mauriro01
364,Christian Moore,22,LAA,AL,0.1,162,20,32,5,1,7,16,62,0.198,0.284,0.37,0.655,81,0.289,77,60,4/H,moorech03
365,Graham Pauley*,24,MIA,NL,0.7,161,18,36,9,1,4,11,36,0.224,0.311,0.366,0.678,88,0.303,85,59,5/438,paulegr01
366,Jeremiah Jackson,25,BAL,AL,0.4,170,20,47,10,2,5,21,50,0.276,0.328,0.447,0.775,117,0.329,116,76,95/HD4,jacksje02
367,Sam Haggerty#,31,TEX,AL,0.9,162,31,41,7,3,2,13,37,0.253,0.328,0.37,0.698,106,0.334,123,60,H78D/49,haggesa01
368,Austin Martin,26,MIN,AL,0.7,156,22,44,8,1,1,7,31,0.282,0.374,0.365,0.74,106,0.333,107,57,78/H4,martiau01
369,Austin Hedges,32,CLE,AL,-0.3,155,13,25,3,0,5,10,43,0.161,0.25,0.277,0.527,47,0.233,40,43,2/1,hedgeau01
370,Leody Taveras#,26,2TM,AL,-0.5,171,13,35,6,1,3,17,50,0.205,0.226,0.304,0.53,54,0.236,50,52,89/H,taverle01
370,Leody Taveras#,26,TEX,AL,0.1,79,7,19,3,1,1,8,23,0.241,0.259,0.342,0.601,76,0.268,70,27,8/H,taverle01
370,Leody Taveras#,26,SEA,AL,-0.6,92,6,16,3,0,2,9,27,0.174,0.198,0.272,0.47,35,0.21,33,25,9/8H,taverle01
371,Donovan Solano,37,2TM,AL,-0.1,166,10,41,4,1,3,21,40,0.247,0.291,0.337,0.628,82,0.28,83,56,3H/45,solando01
371,Donovan Solano,37,SEA,AL,0,163,10,41,4,1,3,21,38,0.252,0.295,0.344,0.639,86,0.284,87,56,3H/5,solando01
371,Donovan Solano,37,TEX,AL,-0.1,3,0,0,0,0,0,0,2,0,0,0,0,-100,0,-118,0,/4,solando01
372,Jack Suwinski*,26,PIT,NL,-0.3,150,15,22,7,0,3,10,57,0.147,0.281,0.253,0.534,51,0.258,51,38,879/HD,suwinja01
373,Alejandro Osuna*,22,TEX,AL,0.2,151,12,32,4,0,2,15,34,0.212,0.313,0.278,0.591,77,0.264,79,42,79/DH8,osunaal02
374,Miles Mastrobuoni*,29,SEA,AL,0.2,152,20,38,4,0,1,12,29,0.25,0.324,0.296,0.62,83,0.279,82,45,H5497/13D,mastrmi01
375,John Rave*,27,KCR,AL,0.1,153,18,30,5,0,4,14,46,0.196,0.283,0.307,0.59,66,0.266,61,47,978/HD,ravejo01
376,Tyler Heineman#,34,TOR,AL,1.9,149,25,43,8,1,3,20,31,0.289,0.361,0.416,0.777,114,0.339,112,62,2/H1,heinety01
377,Johan Rojas,24,PHI,NL,0.5,152,23,34,3,2,1,18,40,0.224,0.28,0.289,0.569,57,0.271,53,44,8H/D,rojasjo03
378,Blake Perkins#,28,MIL,NL,0.3,155,25,35,6,2,3,19,47,0.226,0.298,0.348,0.647,81,0.296,81,54,8/HD,perkibl01
379,Hyeseong Kim*,26,LAD,NL,1.6,161,19,45,6,1,3,17,52,0.28,0.314,0.385,0.699,95,0.335,102,62,4H86,kimhy02
380,José Tena*,24,WSN,NL,0.3,152,19,37,13,2,0,16,37,0.243,0.314,0.355,0.669,91,0.297,88,54,5/4HD,tenajo01
381,Yohel Pozo,28,STL,NL,0.2,160,16,37,8,0,5,19,22,0.231,0.262,0.375,0.637,78,0.281,76,60,2H/3D,pozoyo01
382,Heston Kjerstad*,26,BAL,AL,-1.6,156,16,30,5,2,4,19,45,0.192,0.24,0.327,0.566,58,0.253,56,51,79/HD,kjershe01
383,Thairo Estrada,29,COL,NL,-0.4,154,14,39,9,0,3,21,26,0.253,0.285,0.37,0.655,73,0.286,72,57,4,estrath01
384,Martín Maldonado,38,SDP,NL,-0.3,147,11,30,6,0,4,12,57,0.204,0.245,0.327,0.572,57,0.258,53,48,2,maldoma01
385,Austin Slater,32,2TM,AL,-0.1,148,22,32,6,1,5,13,51,0.216,0.27,0.372,0.642,78,0.289,80,55,79H/D813,slateau01
385,Austin Slater,32,CHW,AL,0.3,123,20,29,6,1,5,11,35,0.236,0.299,0.423,0.721,100,0.316,100,52,H97/D83,slateau01
385,Austin Slater,32,NYY,AL,-0.4,25,2,3,0,0,0,2,16,0.12,0.12,0.12,0.24,-32,0.142,-25,3,/79H1,slateau01
386,Denzel Clarke,25,ATH,AL,1,148,18,34,8,2,3,8,61,0.23,0.274,0.372,0.646,78,0.285,69,55,8/H,clarkde02
387,David Fry,29,CLE,AL,-0.8,146,16,25,4,0,8,23,58,0.171,0.229,0.363,0.592,61,0.256,54,53,DH,fryda01
388,Kyle Karros,22,COL,NL,0,137,20,31,4,0,1,9,41,0.226,0.308,0.277,0.585,58,0.274,57,38,5/DH,karroky01
389,Dalton Rushing*,24,LAD,NL,0.1,142,15,29,5,0,4,24,58,0.204,0.258,0.324,0.582,63,0.263,61,46,2/H3D,rushida01
390,Jhonkensy Noel,23,CLE,AL,-1.3,148,19,24,2,0,6,13,52,0.162,0.183,0.297,0.48,31,0.211,22,44,9H/37D,noeljh01
391,Alan Roden*,25,2TM,AL,-0.6,136,17,26,6,1,2,9,37,0.191,0.261,0.294,0.556,53,0.244,46,40,79/H8,rodenal01
391,Alan Roden*,25,TOR,AL,-0.1,98,12,20,5,1,1,8,24,0.204,0.283,0.306,0.589,63,0.256,56,30,79/H8,rodenal01
391,Alan Roden*,25,MIN,AL,-0.5,38,5,6,1,0,1,1,13,0.158,0.2,0.263,0.463,27,0.212,17,10,7/89,rodenal01
392,Jahmai Jones,27,DET,AL,0.9,129,21,37,11,1,7,23,32,0.287,0.387,0.55,0.937,157,0.403,160,71,HD97/4,jonesja08
393,Bryce Teodosio,26,LAA,AL,0.6,138,12,28,7,2,1,7,47,0.203,0.248,0.304,0.553,53,0.247,42,42,8,teodobr01
394,Derek Hill,29,2TM,2LG,1.1,134,19,29,6,0,3,11,48,0.216,0.281,0.328,0.609,69,0.285,66,44,8/HD,hillde01
394,Derek Hill,29,MIA,NL,0.8,127,19,27,6,0,3,10,46,0.213,0.275,0.331,0.606,68,0.285,64,42,8/HD,hillde01
394,Derek Hill,29,CHW,AL,0.2,7,0,2,0,0,0,1,2,0.286,0.375,0.286,0.661,90,0.3,89,2,/8H,hillde01
395,Will Wagner*,26,2TM,2LG,-0.6,129,15,29,7,0,0,7,28,0.225,0.324,0.279,0.603,70,0.297,82,36,5H3/D4,wagnewi01
395,Will Wagner*,26,TOR,AL,-0.5,114,13,27,7,0,0,7,26,0.237,0.336,0.298,0.634,78,0.311,92,34,53/DH4,wagnewi01
395,Will Wagner*,26,SDP,NL,-0.1,15,2,2,0,0,0,0,2,0.133,0.235,0.133,0.369,6,0.188,6,2,H/45,wagnewi01
396,Brandon Lockridge,28,2TM,NL,0.2,134,17,31,7,1,0,11,36,0.231,0.276,0.299,0.574,60,0.266,51,40,78H9/D,lockrbr01
396,Brandon Lockridge,28,SDP,NL,-0.2,88,9,19,4,0,0,5,24,0.216,0.258,0.261,0.519,45,0.247,35,23,78H/9,lockrbr01
396,Brandon Lockridge,28,MIL,NL,0.4,46,8,12,3,1,0,6,12,0.261,0.308,0.37,0.677,89,0.3,80,17,/89H7D,lockrbr01
397,James Outman*,28,2TM,2LG,-0.9,134,19,18,5,1,6,11,63,0.134,0.216,0.321,0.537,47,0.249,48,43,897/HD,outmaja01
397,James Outman*,28,LAD,NL,-0.2,39,8,4,1,0,2,4,18,0.103,0.205,0.282,0.487,35,0.221,31,11,8/H9,outmaja01
397,James Outman*,28,MIN,AL,-0.7,95,11,14,4,1,4,7,45,0.147,0.221,0.337,0.558,51,0.26,55,32,897/HD,outmaja01
398,Yanquiel Fernández*,22,COL,NL,-0.9,138,13,31,5,0,4,11,44,0.225,0.265,0.348,0.613,62,0.269,54,48,D9/H7,fernaya01
399,Warming Bernabel,23,COL,NL,0,139,15,35,8,1,4,14,25,0.252,0.288,0.41,0.698,84,0.311,85,57,3/5DH,bernawa01
400,Joshua Palacios*,29,CHW,AL,-1.2,128,11,26,4,0,3,9,36,0.203,0.292,0.305,0.596,68,0.276,71,39,97/HD,palacjo01
401,DJ LeMahieu,36,NYY,AL,0.6,128,13,34,3,0,2,12,35,0.266,0.338,0.336,0.674,91,0.307,95,43,4/H,lemahdj01
402,Jake Rogers,30,DET,AL,0.1,123,14,23,5,2,3,19,39,0.187,0.277,0.333,0.61,69,0.28,73,41,2/1HD,rogerja03
403,Lane Thomas,29,CLE,AL,-0.6,125,10,20,2,0,4,11,44,0.16,0.246,0.272,0.518,45,0.242,43,34,8/H9D,thomala02
404,Reese McGuire*,30,CHC,NL,0.3,133,17,30,2,0,9,24,27,0.226,0.245,0.444,0.688,94,0.289,87,59,2/H1,mcguire01
405,Kyren Paris,23,LAA,AL,0.7,126,20,24,4,1,6,11,59,0.19,0.266,0.381,0.647,77,0.302,83,48,84/H7D,parisky01
406,C.J. Kayfus*,23,CLE,AL,0.1,123,16,27,10,1,4,19,38,0.22,0.292,0.415,0.707,94,0.311,90,51,93/HD,kayfucj01
407,Dylan Beavers*,23,BAL,AL,1.1,110,16,25,5,1,4,14,36,0.227,0.375,0.4,0.775,120,0.346,128,44,79/H,beavedy01
408,Christian Encarnacion-Strand,25,CIN,NL,-0.6,130,13,27,4,0,6,19,32,0.208,0.234,0.377,0.61,62,0.254,52,49,3/5,encarch01
409,James McCann,35,ARI,NL,1,123,18,32,6,0,5,17,33,0.26,0.324,0.431,0.754,107,0.334,109,53,2/H3,mccanja02
410,Marcelo Mayer*,22,BOS,AL,0.2,127,20,29,8,1,4,10,41,0.228,0.272,0.402,0.674,85,0.288,85,51,5/4H6,mayerma01
411,Andruw Monasterio,28,MIL,NL,0.7,126,19,34,9,0,4,16,32,0.27,0.319,0.437,0.755,109,0.333,110,55,63H4/57,monasan01
412,Taylor Trammell*,27,HOU,AL,-0.1,117,15,23,7,0,3,12,41,0.197,0.296,0.333,0.63,75,0.278,73,39,87H/9D,trammta01
413,Matt Mervis*,27,MIA,NL,-0.7,120,15,21,4,0,7,14,50,0.175,0.254,0.383,0.637,74,0.288,76,46,3D/H,mervima01
414,Colby Thomas,24,ATH,AL,0.1,120,20,27,5,0,6,19,49,0.225,0.267,0.417,0.684,86,0.304,90,50,9H8/7D,thomaco03
415,Adrian Del Castillo*,25,ARI,NL,-0.1,120,9,29,6,0,4,17,47,0.242,0.29,0.392,0.682,87,0.297,82,47,DH/2,delcaad01
416,Jacob Stallings,35,2TM,2LG,-1.3,119,5,16,4,0,0,9,40,0.134,0.195,0.168,0.363,0,0.178,-8,20,2/H1,stallja01
416,Jacob Stallings,35,COL,NL,-0.9,84,4,12,3,0,0,6,31,0.143,0.217,0.179,0.396,8,0.188,-4,15,2/1H,stallja01
416,Jacob Stallings,35,BAL,AL,-0.4,35,1,4,1,0,0,3,9,0.114,0.139,0.143,0.282,-20,0.152,-16,5,2/H,stallja01
417,Adael Amador#,22,COL,NL,-1.1,113,5,20,7,0,1,10,27,0.177,0.256,0.265,0.521,40,0.244,36,30,4/H,amadoad01
418,Brendan Rodgers,28,HOU,AL,0,115,12,22,4,0,2,11,46,0.191,0.266,0.278,0.544,52,0.263,63,32,4/HD,rodgebr02
419,Ben Rortvedt*,27,2TM,2LG,-0.6,112,9,17,3,0,1,10,23,0.152,0.24,0.205,0.445,27,0.218,29,23,2,rortvbe01
419,Ben Rortvedt*,27,TBR,AL,-0.5,63,2,6,1,0,0,6,14,0.095,0.186,0.111,0.297,-13,0.163,-11,7,2,rortvbe01
419,Ben Rortvedt*,27,LAD,NL,-0.1,49,7,11,2,0,1,4,9,0.224,0.309,0.327,0.636,79,0.289,78,16,2,rortvbe01
420,Justyn-Henry Malloy,25,DET,AL,-0.2,104,15,23,6,0,1,17,32,0.221,0.346,0.308,0.654,85,0.303,90,32,DH9/73,malloju02
421,Emmanuel Rivera,29,BAL,AL,0.1,120,5,30,4,0,0,13,24,0.25,0.291,0.283,0.575,64,0.267,66,34,5/3HD1,riverem01
422,Tyler Wade*,30,SDP,NL,-0.6,107,13,22,1,2,0,9,31,0.206,0.309,0.252,0.561,59,0.262,61,27,8H7/459D61,wadety01
423,Mark Canha,36,KCR,AL,-1,113,9,24,3,0,1,6,24,0.212,0.272,0.265,0.537,52,0.237,46,30,7H9/D3,canhama01
424,Weston Wilson,30,PHI,NL,-0.5,111,15,22,4,0,5,17,34,0.198,0.282,0.369,0.652,77,0.289,80,41,74/3H1D5,wilsowe01
425,Chris Taylor,34,2TM,2LG,-0.7,113,15,21,7,0,2,12,42,0.186,0.256,0.301,0.557,55,0.243,49,34,78H49/5,tayloch03
425,Chris Taylor,34,LAD,NL,-0.6,35,4,7,2,0,0,2,13,0.2,0.2,0.257,0.457,28,0.18,13,9,7/8H49,tayloch03
425,Chris Taylor,34,LAA,AL,-0.1,78,11,14,5,0,2,10,29,0.179,0.278,0.321,0.598,66,0.267,64,25,9/4H875,tayloch03
426,Jonah Bride,29,2TM,2LG,-0.7,112,7,19,2,0,0,5,39,0.17,0.248,0.188,0.436,24,0.223,29,21,5H/3D14,bridejo01
426,Jonah Bride,29,MIA,NL,-0.4,40,3,4,0,0,0,2,15,0.1,0.2,0.1,0.3,-13,0.161,-16,4,/D35H,bridejo01
426,Jonah Bride,29,MIN,AL,-0.3,72,4,15,2,0,0,3,24,0.208,0.275,0.236,0.511,44,0.257,54,17,5H/314D,bridejo01
427,Oswaldo Cabrera#,26,NYY,AL,0.4,107,17,26,4,0,1,11,25,0.243,0.322,0.308,0.631,79,0.302,93,33,5/H379,cabreos01
428,Cody Freeman,24,TEX,AL,-0.2,114,13,26,4,0,3,15,19,0.228,0.258,0.342,0.6,75,0.264,77,39,4/59HD7,freemco01
429,Troy Johnston*,28,MIA,NL,0.3,112,12,31,2,1,4,13,26,0.277,0.331,0.42,0.75,107,0.333,111,47,397/HD,johnstr02
430,Ildemaro Vargas#,33,ARI,NL,0.2,115,12,31,2,1,3,19,15,0.27,0.292,0.383,0.674,86,0.291,78,44,43/H5D6,vargail01
431,Braxton Fulford,26,COL,NL,-0.2,108,11,23,5,2,1,16,36,0.213,0.267,0.324,0.591,57,0.262,47,35,2/DH,fulfobr01
432,Samuel Basallo*,20,BAL,AL,-0.2,109,10,18,6,0,4,15,30,0.165,0.229,0.33,0.559,56,0.245,51,36,2/D3H,basalsa01
433,Rafael Marchán#,26,PHI,NL,0.3,105,9,22,4,0,2,13,17,0.21,0.282,0.305,0.587,61,0.266,57,32,2/H,marchra01
434,Tyler Locklear,24,ARI,NL,-1.1,103,11,18,0,0,3,6,43,0.175,0.267,0.262,0.529,48,0.248,47,27,3/H,locklty01
435,Chas McCormick,30,HOU,AL,-1,100,13,21,5,0,1,5,31,0.21,0.279,0.29,0.569,59,0.243,50,29,879H/D1,mccorch01
436,Kevin Newman,31,LAA,AL,-0.9,114,13,23,2,0,2,11,23,0.202,0.209,0.272,0.481,33,0.233,37,31,56/4H13,newmake01
437,Víctor Robles,28,SEA,AL,-0.2,106,12,26,4,1,1,9,26,0.245,0.281,0.33,0.611,77,0.282,82,35,9/H8,roblevi01
438,Triston Casas*,25,BOS,AL,-0.9,99,5,18,3,0,3,11,27,0.182,0.277,0.303,0.58,62,0.263,61,30,3/H,casastr01
439,Jonatan Clase#,23,TOR,AL,-0.2,100,10,21,3,0,2,9,28,0.21,0.288,0.3,0.588,63,0.264,57,30,7/8H9D,clasejo01
440,Willie MacIver,28,ATH,AL,-0.1,102,7,19,5,0,3,9,27,0.186,0.252,0.324,0.576,59,0.259,53,33,2/1,macivwi01
441,Nick Martini*,35,COL,NL,-0.2,102,9,23,4,0,1,4,18,0.225,0.288,0.294,0.582,56,0.267,52,30,D9H/7,martini02
442,Leo Rivas#,27,SEA,AL,0.8,90,19,22,2,0,2,9,24,0.244,0.387,0.333,0.721,113,0.343,120,30,4H/6D5179,rivasle01
443,Mickey Gasper#,29,MIN,AL,-0.3,95,15,15,1,0,2,11,20,0.158,0.257,0.232,0.488,37,0.248,44,22,2HD/347,gaspemi01
444,Michael Helman,29,TEX,AL,1,99,18,23,5,1,5,20,21,0.232,0.29,0.455,0.744,115,0.33,118,45,8/H6,helmami01
445,Austin Wynns,34,2TM,2LG,1.1,103,13,30,8,0,6,21,32,0.291,0.321,0.544,0.865,132,0.371,135,56,2/H3D,wynnsau01
445,Austin Wynns,34,CIN,NL,0.7,40,6,16,3,0,3,11,12,0.4,0.442,0.7,1.142,203,0.482,208,28,2/H3D,wynnsau01
445,Austin Wynns,34,ATH,AL,0.4,63,7,14,5,0,3,10,20,0.222,0.242,0.444,0.687,85,0.299,86,28,2/H,wynnsau01
446,Zach Dezenzo,25,HOU,AL,0.1,98,17,24,6,0,2,10,37,0.245,0.321,0.367,0.688,92,0.313,95,36,79/D3H,dezenza01
447,Drew Gilbert*,24,SFG,NL,-0.2,100,12,19,5,1,3,13,20,0.19,0.248,0.35,0.598,70,0.267,71,35,9/8H7,gilbedr01
448,Hunter Renfroe,33,KCR,AL,-1.5,99,5,18,6,0,0,4,21,0.182,0.241,0.242,0.483,37,0.216,28,24,9/HD,renfrhu01
449,Jon Berti,35,CHC,NL,0.2,100,12,21,2,0,0,2,22,0.21,0.262,0.23,0.492,45,0.244,48,23,5H4/19D,bertijo01
450,Carson Williams,22,TBR,AL,-0.3,99,11,17,3,0,5,12,44,0.172,0.219,0.354,0.573,57,0.252,54,35,6/H,willica02
451,Cooper Hummel#,30,2TM,AL,-0.8,88,10,15,0,0,3,7,31,0.17,0.298,0.273,0.571,61,0.269,63,24,7H/D19,hummeco01
451,Cooper Hummel#,30,BAL,AL,0,1,0,0,0,0,0,0,1,0,0,0,0,-100,0,-136,0,/9,hummeco01
451,Cooper Hummel#,30,HOU,AL,-0.7,87,10,15,0,0,3,7,30,0.172,0.301,0.276,0.577,63,0.272,65,24,7H/D1,hummeco01
452,Hunter Feduccia*,28,2TM,2LG,-0.4,88,5,13,5,0,0,8,29,0.148,0.267,0.205,0.471,36,0.227,35,18,2/H3D,feduchu01
452,Hunter Feduccia*,28,LAD,NL,0,2,0,0,0,0,0,0,1,0,0.333,0,0.333,5,0.232,40,0,/H3,feduchu01
452,Hunter Feduccia*,28,TBR,AL,-0.4,86,5,13,5,0,0,8,28,0.151,0.265,0.209,0.474,36,0.227,34,18,2/HD,feduchu01
453,Vinny Capra,28,2TM,2LG,-0.5,96,10,12,2,0,1,6,25,0.125,0.157,0.177,0.334,-6,0.173,-10,17,56H/41D,capravi01
453,Vinny Capra,28,MIL,NL,-0.6,54,6,4,0,0,1,4,15,0.074,0.121,0.13,0.25,-30,0.154,-22,7,5/H46D,capravi01
453,Vinny Capra,28,CHW,AL,0.2,42,4,8,2,0,0,2,10,0.19,0.205,0.238,0.443,24,0.199,7,10,6/541HD,capravi01
454,Joey Loperfido*,26,TOR,AL,0.6,96,12,32,4,0,4,14,27,0.333,0.379,0.5,0.879,140,0.381,150,48,7H/9,loperjo01
455,Nick Sogard#,27,BOS,AL,0.1,96,13,25,8,0,0,9,24,0.26,0.317,0.344,0.661,85,0.3,88,33,3/54H96,sogarni01
456,Miguel Amaya,26,CHC,NL,1.1,96,14,27,9,0,4,25,22,0.281,0.314,0.5,0.814,131,0.363,140,48,2/DH,amayami01
457,Enmanuel Valdéz*,26,PIT,NL,0.1,91,7,19,4,2,2,12,16,0.209,0.294,0.363,0.657,82,0.292,80,33,3/4H9,valdeen01
458,Zack Gelof,25,ATH,AL,-0.1,92,12,16,3,0,2,7,46,0.174,0.23,0.272,0.502,39,0.24,48,25,4,gelofza01
459,Gary Sánchez,32,BAL,AL,-0.4,91,13,21,2,0,5,24,27,0.231,0.297,0.418,0.715,100,0.308,97,38,2/D1H,sanchga02
460,Alex Jackson,29,BAL,AL,0.7,91,17,20,8,0,5,8,37,0.22,0.29,0.473,0.763,111,0.323,108,43,2/H1D,jacksal02
461,Matt Vierling,28,DET,AL,-0.3,88,6,21,3,0,1,11,24,0.239,0.31,0.307,0.617,73,0.281,70,27,8/7H59D,vierlma01
462,Carlos Cortes*,28,ATH,AL,0.7,94,11,29,8,1,4,14,20,0.309,0.323,0.543,0.866,135,0.36,131,51,9H/75D,corteca01
463,J.C. Escarra*,30,NYY,AL,0.1,84,5,17,5,0,2,11,14,0.202,0.296,0.333,0.629,77,0.291,81,28,2/3H5D,escarjc01
464,Alex Freeland#,23,LAD,NL,0.2,84,10,16,2,1,2,6,35,0.19,0.292,0.31,0.601,70,0.276,68,26,54/H,freelal01
465,Jason Heyward*,35,SDP,NL,-0.6,85,9,15,2,0,2,12,20,0.176,0.223,0.271,0.494,37,0.22,31,23,7/H98,heywaja01
466,Vidal Bruján#,27,3TM,2LG,0.1,87,14,22,5,0,0,8,21,0.253,0.305,0.31,0.616,77,0.274,74,27,H56/9748D1,brujavi01
466,Vidal Bruján#,27,2TM,NL,0.1,86,14,21,5,0,0,8,21,0.244,0.298,0.302,0.6,73,0.268,69,26,H56/974D18,brujavi01
466,Vidal Bruján#,27,CHC,NL,-0.4,45,6,10,3,0,0,3,12,0.222,0.234,0.289,0.523,51,0.224,42,13,H5/749D68,brujavi01
466,Vidal Bruján#,27,BAL,AL,0.1,1,0,1,0,0,0,0,0,1,1,1,2,471,0.889,536,1,/8,brujavi01
466,Vidal Bruján#,27,ATL,NL,0.5,41,8,11,2,0,0,5,9,0.268,0.362,0.317,0.679,95,0.311,97,13,6/H591,brujavi01
467,Nasim Nuñez#,24,WSN,NL,0.7,82,13,19,2,0,4,13,20,0.232,0.297,0.402,0.699,97,0.323,94,33,64H/8D,nunezna01
468,Jeimer Candelario#,31,CIN,NL,-0.9,80,3,9,2,0,2,10,29,0.113,0.198,0.213,0.41,12,0.185,2,17,5/3D,candeje01
469,Will Wilson,26,CLE,AL,-0.5,78,7,15,4,0,0,2,34,0.192,0.267,0.244,0.511,44,0.238,34,19,45/H1D,wilsowi03
470,Garrett Hampson,30,3TM,NL,-0.4,77,19,11,2,0,0,1,29,0.143,0.25,0.169,0.419,20,0.205,14,13,7H48/695D1,hampsga01
470,Garrett Hampson,30,ARI,NL,0.1,30,10,5,0,0,0,0,10,0.167,0.359,0.167,0.526,53,0.268,61,5,4/H6857,hampsga01
470,Garrett Hampson,30,CIN,NL,-0.2,18,0,3,1,0,0,0,6,0.167,0.211,0.222,0.433,18,0.187,-1,4,/748H56D,hampsga01
470,Garrett Hampson,30,STL,NL,-0.3,29,9,3,1,0,0,1,13,0.103,0.133,0.138,0.271,-23,0.133,-38,4,7H/986D145,hampsga01
471,Tim Anderson,32,LAA,AL,0,83,8,17,3,0,0,3,29,0.205,0.258,0.241,0.499,41,0.223,33,20,46/H,anderti01
472,Nate Eaton,28,BOS,AL,0.1,81,16,24,4,0,1,4,19,0.296,0.348,0.383,0.731,105,0.334,104,31,95/H871D,eatonna01
473,DaShawn Keirsey Jr.*,28,MIN,AL,-1.2,84,11,9,0,0,2,6,33,0.107,0.138,0.179,0.317,-13,0.162,-24,15,9H78/D,keirsda01
474,Andrew Knizner,30,SFG,NL,0.3,77,12,17,1,1,1,5,10,0.221,0.299,0.299,0.598,73,0.312,101,23,2/DH,kniznan01
475,Liover Peguero,24,PIT,NL,0.2,80,9,16,1,0,4,8,25,0.2,0.273,0.363,0.635,75,0.302,79,29,6/3H4,pegueli01
476,Ronny Simón#,25,2TM,NL,-1.2,77,10,18,3,0,0,7,15,0.234,0.299,0.273,0.572,61,0.271,62,21,/47D9H6,simonro01
476,Ronny Simón#,25,MIA,NL,-0.7,47,6,11,2,0,0,5,7,0.234,0.327,0.277,0.604,71,0.295,80,13,/47D6H,simonro01
476,Ronny Simón#,25,PIT,NL,-0.5,30,4,7,1,0,0,2,8,0.233,0.25,0.267,0.517,45,0.231,32,8,/97DH,simonro01
477,Griffin Conine*,27,MIA,NL,0.1,79,13,20,7,0,2,8,25,0.253,0.314,0.418,0.732,101,0.325,107,33,7/9DH,coningr01
478,Tristan Gray*,29,TBR,AL,0.3,78,9,18,5,0,3,9,19,0.231,0.282,0.41,0.693,91,0.296,86,32,4/635H,graytr01
479,Brett Harris,27,ATH,AL,0.7,73,11,20,5,0,0,5,21,0.274,0.349,0.342,0.692,94,0.318,99,25,5/3H,harribr02
480,Bryce Johnson#,29,SDP,NL,0.6,76,9,26,4,0,1,8,19,0.342,0.383,0.434,0.817,127,0.375,135,33,78H9,johnsbr03
481,Cavan Biggio*,30,KCR,AL,-0.2,69,9,12,2,0,1,4,21,0.174,0.296,0.246,0.543,55,0.259,56,17,HD/93745,biggica01
482,Jorge Mateo,30,BAL,AL,-0.6,79,9,14,4,0,1,3,30,0.177,0.217,0.266,0.483,36,0.243,28,21,H68/4D517,mateojo01
483,Bob Seymour*,26,TBR,AL,-0.1,78,9,16,1,1,1,5,32,0.205,0.253,0.282,0.535,50,0.25,51,22,3/DH,seymobo01
484,Jesse Winker*,31,NYM,NL,0,70,8,16,5,2,1,10,21,0.229,0.309,0.4,0.709,100,0.305,92,28,D/H7,winkeje01
485,Connor Joe,32,2TM,NL,-0.7,70,2,13,4,0,0,4,20,0.186,0.263,0.243,0.505,39,0.226,32,17,9H7/3D8,joeco01
485,Connor Joe,32,SDP,NL,-0.2,9,0,0,0,0,0,0,6,0,0.1,0,0.1,-69,0.07,-78,0,/H378D,joeco01
485,Connor Joe,32,CIN,NL,-0.5,61,2,13,4,0,0,4,14,0.213,0.286,0.279,0.564,54,0.249,48,17,97H/3D8,joeco01
486,Jacob Melton*,24,HOU,AL,-0.3,70,7,11,0,1,0,7,29,0.157,0.234,0.186,0.419,19,0.205,11,13,8/7H9,meltoja01
487,Garrett Mitchell*,26,MIL,NL,0,68,9,14,4,1,0,3,25,0.206,0.286,0.294,0.58,63,0.269,58,20,8/H,mitchga01
488,Hayden Senger,28,NYM,NL,-0.2,72,8,13,1,0,0,4,22,0.181,0.221,0.194,0.415,20,0.19,11,14,2/H,sengeha01
489,Jhonny Pereda,29,2TM,AL,0.3,69,4,17,6,0,0,4,21,0.246,0.325,0.333,0.658,84,0.301,88,23,2/1H,peredjh01
489,Jhonny Pereda,29,ATH,AL,-0.1,40,3,7,2,0,0,3,13,0.175,0.283,0.225,0.508,45,0.257,56,9,2/1H,peredjh01
489,Jhonny Pereda,29,MIN,AL,0.4,29,1,10,4,0,0,1,8,0.345,0.387,0.483,0.87,139,0.367,135,14,2,peredjh01
490,Jorge Barrosa#,24,ARI,NL,-0.6,71,8,10,3,0,1,7,22,0.141,0.169,0.225,0.394,8,0.17,-7,16,87/H9D,barrojo01
491,Eric Haase,32,MIL,NL,0.2,70,11,16,3,0,2,9,31,0.229,0.289,0.357,0.647,80,0.285,76,25,2/DH,haaseer01
492,Johnathan Rodríguez,25,CLE,AL,-0.5,71,6,14,4,1,2,10,22,0.197,0.26,0.366,0.626,72,0.286,75,26,9/H7D,rodrijo10
493,Seth Brown*,32,ATH,AL,-0.7,65,6,12,2,0,1,3,23,0.185,0.303,0.262,0.564,60,0.265,60,17,H7/89D,brownse01
494,Blake Dunn,26,CIN,NL,-0.1,60,10,9,2,0,1,7,25,0.15,0.32,0.233,0.553,54,0.27,60,14,97/8HD,dunnbl01
495,Will Robertson*,27,2TM,AL,-1.1,70,2,9,1,0,0,9,27,0.129,0.173,0.143,0.316,-10,0.149,-22,10,7/9H8D,roberwi02
495,Will Robertson*,27,TOR,AL,-0.2,10,0,1,0,0,0,1,7,0.1,0.25,0.1,0.35,3,0.191,6,1,/789,roberwi02
495,Will Robertson*,27,CHW,AL,-0.8,60,2,8,1,0,0,8,20,0.133,0.159,0.15,0.309,-12,0.141,-27,9,7/9HD,roberwi02
496,Jordan Lawlar,22,ARI,NL,-0.4,66,9,12,7,0,0,5,26,0.182,0.257,0.288,0.545,51,0.251,45,19,5H/D46,lawlajo01
497,Blaine Crim,28,2TM,2LG,0,65,10,13,2,0,5,12,28,0.2,0.27,0.462,0.732,94,0.308,86,30,3/DH,crimbl01
497,Blaine Crim,28,TEX,AL,-0.2,11,1,0,0,0,0,0,6,0,0.154,0,0.154,-48,0.108,-38,0,/3DH,crimbl01
497,Blaine Crim,28,COL,NL,0.3,54,9,13,2,0,5,12,22,0.241,0.295,0.556,0.851,120,0.351,112,30,3/D,crimbl01
498,Jacob Amaya,26,CHW,AL,-1,66,7,7,1,0,0,8,16,0.106,0.139,0.121,0.26,-26,0.125,-45,8,6/H14,amayaja01
499,Sean Bouchard,29,COL,NL,-0.9,66,7,11,0,1,1,7,27,0.167,0.247,0.242,0.489,32,0.235,32,16,9H/D73,bouchse01
500,Andrés Chaparro,26,WSN,NL,-0.4,66,4,12,2,0,1,5,22,0.182,0.247,0.258,0.504,44,0.231,42,17,3/HD,chapaan01
501,Everson Pereira,24,TBR,AL,-0.3,65,7,9,1,0,2,8,28,0.138,0.219,0.246,0.465,31,0.227,32,16,8/H9,pereiev01
502,Anthony Seigler*,26,MIL,NL,-0.1,62,6,12,1,0,0,5,16,0.194,0.292,0.21,0.501,44,0.248,44,13,5H/123D,seiglan01
503,Tim Elko,26,CHW,AL,-0.5,67,6,9,1,0,4,8,30,0.134,0.194,0.328,0.523,43,0.241,44,22,3/DH,elkoti01
504,Nick Yorke,23,PIT,NL,0.4,69,7,16,3,0,1,8,15,0.232,0.264,0.319,0.583,62,0.273,64,22,4/395H,yorkeni01
505,José Fermín,26,STL,NL,0.8,60,5,17,5,0,1,9,10,0.283,0.377,0.417,0.793,125,0.358,137,25,4/H579D,fermijo01
506,Matthew Lugo,24,LAA,AL,-0.5,69,9,16,2,1,4,9,24,0.232,0.243,0.464,0.707,90,0.295,83,32,8H/97,lugoma01
507,Carter Jensen*,21,KCR,AL,0.8,60,12,18,6,0,3,13,12,0.3,0.391,0.55,0.941,161,0.399,162,33,2D/H,jenseca01
508,Moisés Ballesteros*,21,CHC,NL,0.5,57,12,17,2,1,2,11,12,0.298,0.394,0.474,0.868,151,0.39,159,27,D/H32,ballemo01
509,Gustavo Campero#,27,LAA,AL,-0.3,58,9,10,1,0,3,8,14,0.172,0.273,0.345,0.618,71,0.282,69,20,9/H78D,campegu01
510,Jorbit Vivas*,24,NYY,AL,-0.3,56,6,9,2,0,1,5,13,0.161,0.266,0.25,0.516,46,0.241,44,14,45/H,vivasjo01
511,Nathan Church*,24,STL,NL,0.3,56,9,10,1,0,1,8,18,0.179,0.254,0.25,0.504,44,0.249,50,14,8/97H,churcna01
512,Jarred Kelenic*,25,ATL,NL,-0.6,60,7,10,2,0,2,2,23,0.167,0.231,0.3,0.531,49,0.23,44,18,9/H7D,kelenja01
513,MJ Melendez*,26,KCR,AL,-0.6,60,5,5,2,0,1,1,23,0.083,0.154,0.167,0.321,-10,0.15,-20,10,7/9HD,melenmj01
514,Nick Maton*,28,CHW,AL,-0.1,54,5,9,2,0,2,4,19,0.167,0.286,0.315,0.601,69,0.264,69,17,D/H3479,matonni01
515,Brett Wisely*,26,2TM,NL,0.3,54,5,10,4,0,1,10,14,0.185,0.279,0.315,0.594,70,0.265,70,17,4/H56D,wiselbr01
515,Brett Wisely*,26,SFG,NL,0.3,48,5,10,4,0,1,10,10,0.208,0.269,0.354,0.623,78,0.27,75,17,4/H56D,wiselbr01
515,Brett Wisely*,26,ATL,NL,0,6,0,0,0,0,0,0,4,0,0.333,0,0.333,6,0.232,41,0,/4H,wiselbr01
516,Maximo Acosta,22,MIA,NL,0,54,7,11,1,0,3,5,17,0.204,0.295,0.389,0.684,88,0.305,97,21,5/46,acostma02
517,Oscar González,27,SDP,NL,-0.5,59,2,13,1,0,0,4,13,0.22,0.246,0.237,0.483,35,0.209,26,14,7/9HD,gonzaos01
518,Sam Hilliard*,31,COL,NL,-0.2,51,8,10,3,1,2,3,23,0.196,0.328,0.412,0.74,96,0.325,94,21,/7H89D,hillisa01
519,Joey Wiemer,26,MIA,NL,0.4,55,7,13,2,0,3,12,23,0.236,0.279,0.436,0.715,95,0.297,82,24,9/H7,wiemejo01
520,Jonny DeLuca,26,TBR,AL,0.6,57,5,19,1,3,0,4,13,0.333,0.356,0.456,0.812,126,0.365,119,26,8/HD,delucjo01
521,Ryan Noda*,29,2TM,AL,-0.2,47,3,5,0,0,1,2,25,0.106,0.276,0.17,0.446,30,0.214,20,8,3/9DH,nodary01
521,Ryan Noda*,29,CHW,AL,-0.3,34,3,3,0,0,1,1,19,0.088,0.295,0.176,0.472,38,0.232,37,6,3/D9H,nodary01
521,Ryan Noda*,29,BAL,AL,0,13,0,2,0,0,0,1,6,0.154,0.214,0.154,0.368,7,0.156,-37,2,/9HD,nodary01
522,Sam Huff,27,SFG,NL,-0.2,53,5,11,1,0,2,4,25,0.208,0.259,0.34,0.598,70,0.264,67,18,2,huffsa01
523,Sal Stewart,21,CIN,NL,0.5,55,11,14,1,0,5,8,15,0.255,0.293,0.545,0.839,121,0.351,115,30,3/5H,stewasa02
524,Endy Rodríguez#,25,PIT,NL,-0.5,52,5,9,4,0,0,2,14,0.173,0.246,0.25,0.496,39,0.219,35,13,3/2H,rodrien01
525,Tyler Tolbert,27,KCR,AL,0.2,50,19,14,2,0,1,6,11,0.28,0.321,0.38,0.701,96,0.392,105,19,H87/4695D,tolbety01
526,Daniel Johnson*,29,2TM,2LG,0.3,53,13,10,3,0,1,1,13,0.189,0.246,0.302,0.548,55,0.256,61,16,H9/87,johnsda07
526,Daniel Johnson*,29,SFG,NL,0.2,29,5,5,2,0,1,1,8,0.172,0.226,0.345,0.571,61,0.257,57,10,/H897,johnsda07
526,Daniel Johnson*,29,BAL,AL,0.1,24,8,5,1,0,0,0,5,0.208,0.269,0.25,0.519,49,0.255,66,6,/H798,johnsda07
527,Jerar Encarnación,27,SFG,NL,0,55,5,11,3,0,2,7,15,0.2,0.214,0.364,0.578,62,0.251,55,20,9/H73,encarje01
528,Zack Short,30,HOU,AL,0,50,9,11,2,0,2,7,18,0.22,0.291,0.38,0.671,85,0.278,78,19,6/HD,shortza01
529,Stuart Fairchild,29,ATL,NL,-0.3,51,7,11,4,1,0,2,15,0.216,0.273,0.333,0.606,70,0.281,76,17,9H/D78,faircst01
530,Jace Jung*,24,DET,AL,-0.5,47,8,5,0,0,0,3,16,0.106,0.236,0.106,0.343,1,0.181,1,5,5/H,jungja01
531,Drew Millas#,27,WSN,NL,0.2,49,6,15,5,1,0,7,7,0.306,0.358,0.449,0.807,129,0.357,126,22,2/DH,milladr01
532,Luke Maile,34,KCR,AL,0,45,6,11,2,0,1,6,16,0.244,0.346,0.356,0.702,98,0.318,99,16,2/H1,mailelu01
533,Ryan Fitzgerald*,31,MIN,AL,0.2,46,10,9,0,0,4,9,8,0.196,0.302,0.457,0.758,106,0.331,105,21,/46H513D,fitzgry01
534,Luis Vázquez,25,BAL,AL,-0.5,50,6,8,1,0,1,3,14,0.16,0.208,0.24,0.448,27,0.206,17,12,56/H143D,vazqulu01
535,Zach Cole*,24,HOU,AL,0.6,47,9,12,2,0,4,11,20,0.255,0.327,0.553,0.88,139,0.382,137,26,/798H,coleza01
536,Bryan De La Cruz,28,ATL,NL,-0.2,47,1,9,1,0,0,0,18,0.191,0.24,0.213,0.453,30,0.232,37,10,7/H9D,delacbr01
537,Travis Jankowski*,34,3TM,2LG,-0.3,45,8,11,2,0,0,2,12,0.244,0.286,0.289,0.575,62,0.26,53,13,9H/781D,jankotr01
537,Travis Jankowski*,34,2TM,AL,-0.3,45,7,11,2,0,0,2,12,0.244,0.286,0.289,0.575,62,0.26,53,13,9/H78,jankotr01
537,Travis Jankowski*,34,CHW,AL,-0.2,14,1,3,0,0,0,0,3,0.214,0.267,0.214,0.481,38,0.217,29,3,/9H8,jankotr01
537,Travis Jankowski*,34,TBR,AL,0,31,6,8,2,0,0,2,9,0.258,0.294,0.323,0.617,73,0.279,64,10,/97H,jankotr01
537,Travis Jankowski*,34,NYM,NL,0,0,1,0,0,0,0,0,0,,,,,,,,0,/H179D,jankotr01
538,Richie Palacios*,28,TBR,AL,0,42,10,14,2,0,1,3,9,0.333,0.396,0.452,0.848,138,0.389,140,19,/473DH9,palacri01
539,George Valera*,24,CLE,AL,-0.1,41,7,9,2,0,2,5,13,0.22,0.333,0.415,0.748,107,0.328,108,17,D/9H,valerge01
540,Maverick Handley,27,BAL,AL,-0.9,41,2,3,0,0,0,3,18,0.073,0.133,0.073,0.207,-39,0.103,-59,3,2/H,handlma01
541,Brice Matthews,23,HOU,AL,0.2,42,6,7,0,0,4,9,20,0.167,0.222,0.452,0.675,81,0.306,87,19,4/H5,matthbr01
542,Jared Young*,29,NYM,NL,0.1,43,5,8,1,0,4,6,16,0.186,0.234,0.488,0.722,99,0.302,92,21,D/H137,youngja02
543,Logan Davidson#,27,2TM,AL,-0.6,42,3,7,2,0,1,4,22,0.167,0.222,0.286,0.508,40,0.218,24,12,3/H514,davidlo01
543,Logan Davidson#,27,ATH,AL,-0.3,20,1,3,1,0,0,2,12,0.15,0.261,0.2,0.461,32,0.216,23,4,/35H4,davidlo01
543,Logan Davidson#,27,LAA,AL,-0.3,22,2,4,1,0,1,2,10,0.182,0.182,0.364,0.545,46,0.22,26,8,/3H1,davidlo01
544,Jimmy Crooks*,23,STL,NL,-0.3,45,3,6,0,1,1,1,17,0.133,0.152,0.244,0.397,10,0.19,12,11,2/DH,crookji01
545,Austin Barnes,35,LAD,NL,-0.3,42,4,9,3,0,0,2,14,0.214,0.233,0.286,0.518,45,0.227,34,12,2/3DH,barneau01
546,Rece Hinds,24,CIN,NL,-0.4,43,6,5,1,0,2,3,21,0.116,0.136,0.279,0.415,9,0.175,-9,12,9/H,hindsre01
547,Ryan Kreidler,27,DET,AL,-0.2,38,5,4,0,0,0,0,19,0.105,0.19,0.105,0.296,-14,0.162,-27,4,8,kreidry01
548,Trenton Brooks*,29,SDP,NL,-0.5,41,5,6,2,0,1,2,13,0.146,0.186,0.268,0.454,24,0.198,13,11,HD/7,brooktr01
549,Denzer Guzmán,21,LAA,AL,-0.4,42,4,8,1,0,2,3,22,0.19,0.209,0.357,0.566,54,0.24,43,15,6,guzmade01
550,Dustin Harris*,25,TEX,AL,0.2,40,5,8,3,0,1,2,13,0.2,0.256,0.35,0.606,77,0.258,76,14,/7H89D,harridu01
551,Kevin Pillar,36,TEX,AL,-0.1,43,6,9,2,0,0,1,8,0.209,0.209,0.256,0.465,37,0.213,26,11,/8H9D7,pillake01
552,Alan Trejo,29,COL,NL,-0.4,40,3,7,2,0,0,1,7,0.175,0.19,0.225,0.415,11,0.183,-9,9,6/1,trejoal01
553,Daz Cameron,28,MIL,NL,-0.5,41,7,8,1,0,1,3,13,0.195,0.214,0.293,0.507,40,0.229,32,12,9H/7,camerda01
554,Matt Gorski,27,PIT,NL,-0.3,41,2,8,0,1,2,4,16,0.195,0.214,0.39,0.605,64,0.241,52,16,3/H87,gorskma01
555,Luken Baker,28,STL,NL,-0.1,34,3,8,3,0,0,2,10,0.235,0.366,0.324,0.689,98,0.318,102,11,DH/3,bakerlu01
556,Kris Bryant,33,COL,NL,-0.5,39,2,6,2,0,0,1,13,0.154,0.195,0.205,0.4,7,0.183,-7,8,D/H,bryankr01
557,Oliver Dunn*,27,MIL,NL,-0.2,36,4,6,2,0,0,6,11,0.167,0.205,0.222,0.427,20,0.196,4,8,5/3H,dunnol01
558,Austin Nola,35,COL,NL,-0.2,38,2,7,1,0,0,1,5,0.184,0.225,0.211,0.436,18,0.199,2,8,2/13DH,nolaau01
559,Yuli Gurriel,41,SDP,NL,-0.5,36,2,4,1,0,0,3,8,0.111,0.2,0.139,0.339,-3,0.169,-9,5,D/H3,gourryu01
560,Korey Lee,26,CHW,AL,0.3,35,10,9,3,0,1,3,7,0.257,0.333,0.429,0.762,112,0.375,145,15,2H/D17,leeko01
561,Jorge Alfaro,32,WSN,NL,-0.3,39,3,10,2,0,0,3,14,0.256,0.256,0.308,0.564,60,0.271,66,12,2,alfarjo01
562,Ryan Bliss,25,SEA,AL,-0.2,35,1,7,1,0,1,3,11,0.2,0.282,0.314,0.596,74,0.253,73,11,4,blissry01
563,Cam Devanney,28,PIT,NL,-0.5,36,1,5,1,0,0,1,21,0.139,0.184,0.167,0.351,-1,0.151,-10,6,5/H,devanca01
564,Víctor Mesa Jr.*,23,MIA,NL,0.1,32,7,6,2,0,1,6,5,0.188,0.297,0.344,0.641,78,0.287,74,11,/798H,mesavi01
565,Bryce Eldridge*,20,SFG,NL,-0.2,28,1,3,2,0,0,4,13,0.107,0.297,0.179,0.476,42,0.243,53,5,/D3,eldribr01
566,Tomás Nido,31,DET,AL,-0.1,35,4,12,0,0,0,2,10,0.343,0.361,0.343,0.704,98,0.314,97,12,2/1,nidoto01
567,Zac Veen*,23,COL,NL,-0.3,34,1,4,1,0,1,2,14,0.118,0.189,0.235,0.424,13,0.182,-2,8,/79H,veenza01
568,José Miranda,27,MIN,AL,-0.3,36,2,6,0,0,1,5,13,0.167,0.167,0.25,0.417,13,0.177,-4,9,5/H,miranjo01
569,Jose Siri,29,NYM,NL,-0.5,32,7,2,2,0,0,1,17,0.063,0.167,0.125,0.292,-15,0.16,-17,4,8/H,sirijo01
570,Dominic Fletcher*,27,CHW,AL,0.3,32,5,7,5,0,1,2,2,0.219,0.265,0.469,0.733,100,0.315,95,15,/987,fletcdo01
571,Pablo Reyes,31,NYY,AL,-0.5,31,4,6,1,0,0,2,10,0.194,0.242,0.226,0.468,33,0.221,24,7,H/94517D,reyespa01
572,Sebastián Rivero,26,LAA,AL,-0.1,33,4,6,2,0,0,2,9,0.182,0.206,0.242,0.448,24,0.252,47,8,2,riverse01
573,Luke Williams,28,ATL,NL,-0.4,31,5,4,2,0,0,5,9,0.129,0.176,0.194,0.37,5,0.204,-4,6,6H/15D,willilu01
574,Aaron Schunk,27,COL,NL,-0.3,32,1,6,1,0,0,0,10,0.188,0.188,0.219,0.406,8,0.18,-13,7,/64H5D,schunaa01
575,Leo Jiménez,24,TOR,AL,-0.3,29,2,2,0,0,1,1,8,0.069,0.129,0.172,0.301,-18,0.167,-15,5,4/H6D,jimenle01
576,Shay Whitcomb,26,HOU,AL,-0.3,32,4,4,0,0,1,1,10,0.125,0.125,0.219,0.344,-7,0.171,-6,7,/45HD7,whitcsh01
577,Buddy Kennedy,26,3TM,2LG,-0.5,29,2,2,1,0,0,1,8,0.069,0.156,0.103,0.26,-25,0.158,-15,3,/53H4D,kennebu01
577,Buddy Kennedy,26,2TM,NL,-0.5,24,1,1,0,0,0,1,7,0.042,0.115,0.042,0.157,-53,0.121,-41,1,/53HD,kennebu01
577,Buddy Kennedy,26,PHI,NL,-0.1,7,0,0,0,0,0,0,2,0,0.125,0,0.125,-61,0.087,-69,0,/35DH,kennebu01
577,Buddy Kennedy,26,TOR,AL,-0.1,5,1,1,1,0,0,0,1,0.2,0.333,0.4,0.733,102,0.321,100,2,/45,kennebu01
577,Buddy Kennedy,26,LAD,NL,-0.3,17,1,1,0,0,0,1,5,0.059,0.111,0.059,0.17,-50,0.135,-29,1,/5H,kennebu01
578,Jose Barrero,27,STL,NL,-0.1,29,4,4,1,0,1,3,9,0.138,0.194,0.276,0.469,31,0.21,26,8,/H48695,garcijo02
579,Carson McCusker,27,MIN,AL,-0.6,29,0,5,0,0,0,1,16,0.172,0.2,0.172,0.372,5,0.151,-11,5,9/HD,mccusca01
580,Scott Kingery,31,LAA,AL,-0.5,27,3,4,1,0,0,0,11,0.148,0.207,0.185,0.392,11,0.167,-3,5,/4H8619,kingesc01
581,Nicky Lopez*,30,2TM,2LG,-0.4,24,2,1,0,0,0,1,4,0.042,0.179,0.042,0.22,-32,0.128,-29,1,5/6H147D,lopezni01
581,Nicky Lopez*,30,LAA,AL,-0.2,6,0,0,0,0,0,0,1,0,0,0,0,-100,0,-131,0,/5167,lopezni01
581,Nicky Lopez*,30,CHC,NL,-0.3,18,2,1,0,0,0,1,3,0.056,0.227,0.056,0.283,-12,0.163,-2,1,5/H64D,lopezni01
582,Owen Caissie*,22,CHC,NL,-0.1,26,4,5,1,0,1,4,11,0.192,0.222,0.346,0.568,62,0.247,58,9,/9H7D,caissow01
583,Luis Campusano,26,SDP,NL,-0.4,21,0,0,0,0,0,0,11,0,0.222,0,0.222,-31,0.155,-18,0,/DH,campulu01
584,Mason McCoy,30,SDP,NL,-0.2,22,5,3,1,0,0,1,7,0.136,0.269,0.182,0.451,29,0.272,52,4,6/H4D,mccoyma01
585,Grant McCray*,24,SFG,NL,-0.4,22,3,2,0,1,0,2,11,0.091,0.16,0.182,0.342,-2,0.155,-14,4,97/H8,mccragr01
586,Ji Hwan Bae*,25,PIT,NL,-0.4,20,4,1,0,0,0,0,9,0.05,0.24,0.05,0.29,-12,0.19,-4,1,/H78D9,baeji01
587,Michael Stefanic,29,TOR,AL,0,22,1,4,0,0,0,0,3,0.182,0.28,0.182,0.462,32,0.221,28,4,/4H16,stefami01
588,David Villar,28,SFG,NL,0,20,4,4,1,0,0,1,5,0.2,0.36,0.25,0.61,80,0.295,89,5,/3H5D,villada01
589,Tristin English,28,ARI,NL,-0.2,22,0,2,1,0,0,1,8,0.091,0.13,0.136,0.267,-26,0.124,-40,3,/3,englitr01
590,Niko Kavadas*,26,LAA,AL,-0.4,20,0,2,0,0,0,0,10,0.1,0.217,0.1,0.317,-7,0.167,-10,2,3/1H,kavadni01
591,Esteury Ruiz,26,LAD,NL,-0.2,21,2,4,0,0,1,2,8,0.19,0.261,0.333,0.594,66,0.304,61,7,7/H9,ruizes01
592,Ali Sánchez,28,2TM,AL,-0.2,23,2,5,2,0,0,0,6,0.217,0.217,0.304,0.522,42,0.219,27,7,2/H13,sanchal04
592,Ali Sánchez,28,TOR,AL,-0.2,21,2,5,2,0,0,0,5,0.238,0.238,0.333,0.571,56,0.24,42,7,/213H,sanchal04
592,Ali Sánchez,28,BOS,AL,0,2,0,0,0,0,0,0,1,0,0,0,0,-100,0,-126,0,/2H,sanchal04
593,Chadwick Tromp,30,2TM,2LG,0.1,21,2,3,1,0,1,1,6,0.143,0.182,0.333,0.515,41,0.261,62,7,/2,trompch01
593,Chadwick Tromp,30,ATL,NL,0,5,0,0,0,0,0,0,2,0,0.167,0,0.167,-47,0.116,-41,0,/2,trompch01
593,Chadwick Tromp,30,BAL,AL,0.1,16,2,3,1,0,1,1,4,0.188,0.188,0.438,0.625,69,0.315,102,7,/2,trompch01
594,Bobby Dalbec,30,CHW,AL,0,18,2,4,1,0,0,1,6,0.222,0.333,0.278,0.611,75,0.279,74,5,/36H5,dalbebo01
595,Luis Guillorme*,30,HOU,AL,-0.2,20,2,3,0,0,0,0,8,0.15,0.19,0.15,0.34,-3,0.16,-15,3,/45H,guilllu01
596,Keston Hiura,28,COL,NL,0,18,3,4,1,0,0,1,7,0.222,0.333,0.278,0.611,66,0.292,70,5,/3,hiurake01
597,Billy McKinney*,30,TEX,AL,-0.1,20,4,4,1,0,0,1,1,0.2,0.238,0.25,0.488,45,0.261,73,5,/97DH,mckinbi01
598,José Azócar,29,2TM,NL,0,19,5,5,0,0,0,1,1,0.263,0.333,0.263,0.596,73,0.288,74,5,/H978D,azocajo01
598,José Azócar,29,NYM,NL,0,18,5,5,0,0,0,1,1,0.278,0.35,0.278,0.628,83,0.302,84,5,/H789,azocajo01
598,José Azócar,29,ATL,NL,0,1,0,0,0,0,0,0,0,0,0,0,0,-100,0,-117,0,/H9D,azocajo01
599,Manuel Margot,30,DET,AL,-0.1,19,1,6,0,0,0,3,6,0.316,0.3,0.316,0.616,72,0.262,60,6,/9H,margoma01
600,Connor Kaiser,28,ARI,NL,-0.3,18,1,2,1,0,0,2,5,0.111,0.158,0.167,0.325,-10,0.15,-22,3,/4H,kaiseco01
601,Michael Siani*,25,STL,NL,-0.1,17,4,4,0,0,0,0,7,0.235,0.316,0.235,0.551,60,0.263,63,4,8/H,sianimi01
602,Akil Baddoo*,26,DET,AL,0.2,17,0,2,1,0,0,1,5,0.118,0.167,0.176,0.343,-4,0.17,-17,3,/798H,baddoak01
603,Blake Sabol*,27,BOS,AL,-0.2,16,2,2,1,0,0,1,7,0.125,0.167,0.188,0.354,-1,0.156,-17,3,/2DH,sabolbl01
604,Drew Avans*,29,2TM,2LG,-0.4,17,1,2,0,0,0,1,6,0.118,0.111,0.118,0.229,-36,0.112,-58,2,/789H,avansdr01
604,Drew Avans*,29,ATH,AL,-0.3,15,1,2,0,0,0,0,5,0.133,0.133,0.133,0.267,-25,0.135,-44,2,/789H,avansdr01
604,Drew Avans*,29,MIL,NL,-0.1,2,0,0,0,0,0,1,1,0,0,0,0,-100,0,-126,0,/7,avansdr01
605,CJ Alexander*,28,ATH,AL,-0.2,17,0,3,0,0,0,0,8,0.176,0.176,0.176,0.353,-1,0.157,-17,3,/35H79,alexacj01
606,Rafael Flores,24,PIT,NL,0,15,0,3,2,0,0,0,7,0.2,0.294,0.333,0.627,75,0.282,73,5,/32H,florera03
607,Owen Miller,28,COL,NL,0,14,0,2,0,0,0,1,4,0.143,0.294,0.143,0.437,22,0.245,27,2,/4H5D,milleow01
608,Gage Workman*,25,2TM,2LG,-0.3,16,0,3,1,0,0,2,7,0.188,0.235,0.25,0.485,41,0.229,35,4,/56HD,workmga01
608,Gage Workman*,25,CHC,NL,-0.2,14,0,3,1,0,0,2,6,0.214,0.267,0.286,0.552,61,0.26,56,4,/56DH,workmga01
608,Gage Workman*,25,CHW,AL,-0.1,2,0,0,0,0,0,0,1,0,0,0,0,-100,0,-126,0,/56H,workmga01
609,Tirso Ornelas*,25,SDP,NL,-0.3,14,0,1,0,0,0,1,2,0.071,0.188,0.071,0.259,-24,0.143,-26,1,/7H8D,ornelti01
610,César Salazar*,29,HOU,AL,-0.1,13,0,3,0,0,0,1,2,0.231,0.375,0.231,0.606,75,0.291,81,3,/2HD1,salazce01
611,Jack Winkler,26,MIA,NL,-0.2,16,2,4,2,0,0,0,4,0.25,0.25,0.375,0.625,71,0.284,63,6,/4H365,winklja01
612,Tucker Barnhart*,34,TEX,AL,0,13,0,3,0,0,0,0,4,0.231,0.333,0.231,0.564,72,0.271,81,3,/21,barnhtu01
613,Jacob Hurtubise*,27,CIN,NL,-0.1,12,3,1,0,0,0,0,6,0.083,0.267,0.083,0.35,2,0.204,10,1,/H79,hurtuja01
614,Brian Navarreto,30,MIA,NL,0.2,14,3,4,2,0,1,5,3,0.286,0.267,0.643,0.91,142,0.362,128,9,/2,navarbr01
615,Ryan Vilade,26,2TM,NL,-0.1,13,1,1,0,0,0,0,5,0.077,0.2,0.077,0.277,-17,0.153,-15,1,/97HD,viladry01
615,Ryan Vilade,26,STL,NL,-0.1,13,1,1,0,0,0,0,5,0.077,0.2,0.077,0.277,-17,0.153,-15,1,/9H7D,viladry01
615,Ryan Vilade,26,CIN,NL,0,0,0,0,0,0,0,0,0,,,,,,,,0,/7,viladry01
616,Greg Allen#,32,BAL,AL,-0.4,14,1,0,0,0,0,0,5,0,0,0,0,-100,-0.035,-127,0,/87H,allengr01
617,Chad Stevens,26,LAA,AL,-0.2,13,1,2,0,0,0,0,7,0.154,0.154,0.154,0.308,-14,0.099,-41,2,/45,stevech02
618,Tyler Black*,24,MIL,NL,0.1,8,1,2,1,0,0,1,1,0.25,0.538,0.375,0.913,163,0.395,181,3,/H379,blackty01
619,Will Brennan*,27,CLE,AL,-0.2,11,0,1,0,0,0,0,1,0.091,0.231,0.091,0.322,-5,0.131,-7,1,/98H,brennwi02
620,Corey Julks,29,CHW,AL,0.1,12,2,3,2,0,0,1,3,0.25,0.231,0.417,0.647,76,0.251,54,5,/7DH,julksco01
621,Kevin Alcántara,22,CHC,NL,0.1,11,2,4,0,0,0,1,4,0.364,0.417,0.364,0.78,130,0.379,137,4,/8H7D9,alcanke01
622,Sandy León#,36,ATL,NL,-0.1,12,1,1,0,0,1,3,4,0.083,0.083,0.333,0.417,10,0.169,-4,4,/2,leonsa01
623,Vimael Machín*,31,BAL,AL,0.1,11,1,1,0,0,1,1,2,0.091,0.167,0.364,0.53,44,0.225,37,4,/5,machivi01
624,Tristan Peters*,25,TBR,AL,-0.4,12,0,0,0,0,0,0,7,0,0,0,0,-100,0,-129,0,/8,petertr01
625,Bryan Ramos,23,CHW,AL,0.1,12,1,2,2,0,0,2,4,0.167,0.167,0.333,0.5,35,0.206,21,4,/5H,ramosbr01
626,Nick Solak,30,PIT,NL,-0.5,11,0,1,0,0,0,0,2,0.091,0.091,0.091,0.182,-49,0.073,-75,1,/347H,solakni01
627,Nick Ahmed,35,TEX,AL,0.1,9,1,0,0,0,0,0,3,0,0.1,0,0.1,-66,0.182,-1,0,/6,ahmedni01
628,Will Banfield,25,CIN,NL,-0.2,10,0,1,0,0,0,0,6,0.1,0.1,0.1,0.2,-45,0.09,-70,1,/2,banfiwi01
629,Coco Montes,28,TBR,AL,0.1,10,0,2,0,0,0,1,3,0.2,0.2,0.2,0.4,13,0.178,0,2,/457,monteco01
630,Omar Narváez*,33,CHW,AL,0,7,1,2,0,0,0,3,1,0.286,0.4,0.286,0.686,98,0.305,93,2,/2,narvaom01
631,Rhylan Thomas*,25,SEA,AL,0,8,2,1,1,0,0,2,0,0.125,0.2,0.25,0.45,30,0.282,85,2,/97,thomarh01
632,Jonathan Ornelas,25,2TM,2LG,0.1,9,1,2,0,0,0,0,3,0.222,0.3,0.222,0.522,55,0.229,45,2,/645,orneljo01
632,Jonathan Ornelas,25,TEX,AL,0,5,0,0,0,0,0,0,3,0,0.167,0,0.167,-44,0.114,-34,0,/64,orneljo01
632,Jonathan Ornelas,25,ATL,NL,0.1,4,1,2,0,0,0,0,0,0.5,0.5,0.5,1,184,0.402,160,2,/65,orneljo01
633,J.D. Davis,32,LAA,AL,-0.2,9,0,1,0,0,0,0,3,0.111,0.111,0.111,0.222,-38,0.099,-59,1,/3H5,davisjd01
634,Justin Foscue,26,TEX,AL,-0.1,9,0,1,1,0,0,2,3,0.111,0.111,0.222,0.333,-5,0.138,-17,2,/3DH,foscuju01
635,Jhostynxon García,22,BOS,AL,0,7,0,1,1,0,0,0,5,0.143,0.333,0.286,0.619,76,0.29,81,2,/79DH,garcijh01
636,Logan Porter,29,SFG,NL,0,7,2,1,0,0,0,1,2,0.143,0.333,0.143,0.476,44,0.258,64,1,/21,portelo01
637,Jon Singleton*,33,HOU,AL,-0.1,9,0,1,0,0,0,0,1,0.111,0.111,0.111,0.222,-38,0.099,-59,1,/D3H,singljo02
638,Brett Sullivan*,31,PIT,NL,0,6,1,1,0,0,0,2,3,0.167,0.333,0.167,0.5,46,0.258,56,1,/2,sullibr01
639,Samad Taylor,26,SEA,AL,-0.1,8,1,1,0,0,0,0,1,0.125,0.125,0.125,0.25,-27,0.099,-68,1,/98H,taylosa04
640,Donovan Walton*,31,PHI,NL,-0.1,8,1,1,0,0,0,1,1,0.125,0.125,0.125,0.25,-31,0.113,-70,1,/4,waltodo01
641,Dairon Blanco,32,KCR,AL,0,6,2,1,1,0,0,1,2,0.167,0.167,0.333,0.5,35,0.313,144,2,/H78,blancda02
642,Harry Ford,22,SEA,AL,0,6,1,1,0,0,0,1,3,0.167,0.25,0.167,0.417,25,0.201,26,1,/2HD,fordha01
643,Petey Halpin*,23,CLE,AL,0.1,6,5,2,0,0,0,0,2,0.333,0.5,0.333,0.833,140,0.382,147,2,/8H7,halpipe01
644,Carter Kieboom,27,LAA,AL,-0.2,8,0,2,0,0,0,1,1,0.25,0.25,0.25,0.5,40,0.222,30,2,/3H,kieboca01
645,Cal Stevenson*,28,PHI,NL,-0.2,8,0,2,0,0,0,1,2,0.25,0.25,0.25,0.5,38,0.213,20,2,/8H,steveca01
646,Eddie Rosario*,33,2TM,NL,0,8,1,1,0,0,0,0,2,0.125,0.125,0.125,0.25,-29,0.113,-43,1,/DH9,rosared01
646,Eddie Rosario*,33,LAD,NL,0,4,0,1,0,0,0,0,0,0.25,0.25,0.25,0.5,42,0.225,36,1,/D,rosared01
646,Eddie Rosario*,33,ATL,NL,0,4,1,0,0,0,0,0,2,0,0,0,0,-100,0,-121,0,/H9,rosared01
647,Rob Brantly*,35,MIA,NL,0,7,0,3,0,0,0,1,1,0.429,0.429,0.429,0.857,140,0.372,136,3,/2,brantro01
648,Tsung-Che Cheng*,23,PIT,NL,0,7,0,0,0,0,0,0,3,0,0,0,0,-100,0.057,-35,0,/64,chengts01
649,Dom Nuñez*,30,CLE,AL,0,7,2,2,0,0,0,0,4,0.286,0.286,0.286,0.571,60,0.226,34,2,/2,nunezdo01
650,Steward Berroa#,26,MIL,NL,0.2,5,0,0,0,0,0,0,2,0,0.167,0,0.167,-47,0.308,64,0,/8,berrost01
651,Tyler Callihan*,25,CIN,NL,-0.2,6,0,1,0,0,0,1,1,0.167,0.167,0.167,0.333,-9,0.15,-27,1,/74,callity01
652,Billy Cook,26,PIT,NL,0,6,1,2,0,0,0,0,1,0.333,0.333,0.333,0.667,87,0.3,86,2,/9H38,cookbi01
653,César Prieto*,26,STL,NL,-0.2,6,0,1,0,0,0,0,5,0.167,0.167,0.167,0.333,-5,0.134,-27,1,/4HD,prietce01
654,Jordyn Adams,25,BAL,AL,-0.1,5,1,0,0,0,0,0,2,0,0,0,0,-100,0,-125,0,/89H,adamsjo03
655,Sergio Alcántara#,28,SFG,NL,-0.1,4,0,0,0,0,0,0,2,0,0,0,0,-100,0,-117,0,/56,alcanse01
656,Kenedy Corona,25,HOU,AL,0,2,0,0,0,0,0,0,1,0,0.5,0,0.5,58,0.343,118,0,/8H,coronke01
657,Aramis Garcia,32,ARI,NL,-0.1,4,0,0,0,0,0,0,3,0,0,0,0,-100,0,-126,0,/2,garciar01
658,Brewer Hicklen,29,DET,AL,0.1,3,2,2,0,0,0,0,1,0.667,0.75,0.667,1.417,301,0.653,302,2,/8,hicklbr01
659,Trey Lipscomb,25,WSN,NL,0.1,4,1,2,0,0,0,0,1,0.5,0.5,0.5,1,187,0.426,179,2,/356H,lipsctr01
660,Drew Romo#,23,COL,NL,-0.1,3,0,0,0,0,0,0,3,0,0,0,0,-100,0,-134,0,/H2D,romodr01
661,CJ Stubbs,28,WSN,NL,0.1,3,0,0,0,0,0,0,0,0,0,0,0,-100,0,-120,0,/2,stubbcj01
662,David Bañuelos,28,BAL,AL,0,1,0,0,0,0,0,0,1,0,0.5,0,0.5,61,0.358,135,0,/DH,banueda01
663,Justin Dean,28,LAD,NL,0,2,0,0,0,0,0,0,1,0,0,0,0,-100,0.122,-126,0,8/H,deanju01
664,Greg Jones#,27,CHW,AL,0,2,0,0,0,0,0,0,2,0,0,0,0,-100,0.122,-122,0,/H9,jonesgr02
665,Chuckie Robinson,30,LAD,NL,0,1,1,0,0,0,0,0,0,0,0,0,0,-100,0,-333,0,/2,robinch04
666,Trevor Rogers*,27,BAL,AL,0,2,0,0,0,0,0,0,2,0,0,0,0,-100,0,-122,0,1,rogertr01
667,Tyler Alexander,30,CHW,AL,0,1,0,0,0,0,0,0,0,0,0,0,0,-100,0,-136,0,1,alexaty01
668,Jack Leiter,25,TEX,AL,0,1,0,0,0,0,0,0,1,0,0,0,0,-100,0,-127,0,1/H,leiteja01
669,Ryne Nelson,27,ARI,NL,0.1,1,1,1,0,0,0,1,0,1,1,1,2,459,0.901,500,1,1/H,nelsory01
670,Shinnosuke Ogasawara*,27,WSN,NL,0,1,0,0,0,0,0,0,1,0,0,0,0,-100,0,-117,0,1,ogasash01
671,Colin Rea,34,CHC,NL,0,1,0,0,0,0,0,0,1,0,0,0,0,-100,0,-108,0,1,reaco01
672,Garrett Stubbs*,32,PHI,NL,0,1,2,0,0,0,0,0,0,0,0,0,0,-100,0,-125,0,/DH2,stubbga01
673,Terrin Vavra*,28,BAL,AL,0,1,0,0,0,0,0,0,0,0,0,0,0,-100,0,-136,0,/4H,vavrate01
674,Bryan Abreu,28,HOU,AL,0,0,0,0,0,0,0,0,0,,,,,,,,0,1,abreubr01
675,Zach Agnos,24,COL,NL,0,0,0,0,0,0,0,0,0,,,,,,,,0,1,agnosza01
676,Keegan Akin*,30,BAL,AL,0,0,0,0,0,0,0,0,0,,,,,,,,0,1,akinke01
677,Elvis Alvarado,26,ATH,AL,0,0,0,0,0,0,0,0,0,,,,,,,,0,1,alvarel01
678,Shawn Armstrong,34,TEX,AL,0,0,0,0,0,0,0,0,0,,,,,,,,0,1,armstsh01
679,Luinder Avila,23,KCR,AL,0,0,0,0,0,0,0,0,0,,,,,,,,0,1,avilalu02
680,Kyle Backhus*,27,ARI,NL,0,0,0,0,0,0,0,0,0,,,,,,,,0,1,backhky01
681,Bryan Baker,30,BAL,AL,0,0,0,0,0,0,0,0,0,,,,,,,,0,1,bakerbr01
682,Anthony Banda*,31,LAD,NL,0,0,0,0,0,0,0,0,0,,,,,,,,0,1,bandaan01
683,Félix Bautista,30,BAL,AL,0,0,0,0,0,0,0,0,0,,,,,,,,0,1,bautife01
684,Brennan Bernardino*,33,BOS,AL,0,0,0,0,0,0,0,0,0,,,,,,,,0,1,bernabr01
685,Jake Bird,29,COL,NL,0,0,0,0,0,0,0,0,0,,,,,,,,0,1,birdja01
686,Hayden Birdsong,23,SFG,NL,0,0,0,0,0,0,0,0,0,,,,,,,,0,1,birdsha01
687,Matt Bowman,34,BAL,AL,0,0,0,0,0,0,0,0,0,,,,,,,,0,1,bowmama01
688,John Brebbia*,35,DET,AL,0,0,0,0,0,0,0,0,0,,,,,,,,0,1,brebbjo01
689,Yennier Cano,31,BAL,AL,0,0,0,0,0,0,0,0,0,,,,,,,,0,1,canoye01
690,José Castillo*,29,SEA,AL,0,0,0,0,0,0,0,0,0,,,,,,,,0,/1,castijo03
691,Cade Cavalli,26,WSN,NL,0,0,0,0,0,0,0,0,0,,,,,,,,0,1,cavalca01
692,Aroldis Chapman*,37,BOS,AL,0,0,0,0,0,0,0,0,0,,,,,,,,0,1,chapmar01
693,Angel Chivilli,22,COL,NL,0,0,0,0,0,0,0,0,0,,,,,,,,0,1,chivian01
694,Taylor Clarke,32,KCR,AL,0,0,0,0,0,0,0,0,0,,,,,,,,0,1,clarkta01
695,Emmanuel Clase,27,CLE,AL,0,0,0,0,0,0,0,0,0,,,,,,,,0,1,claseem01
696,Steven Cruz,26,KCR,AL,0,0,0,0,0,0,0,0,0,,,,,,,,0,1,cruzst01
697,John Curtiss,32,ARI,NL,0,0,0,0,0,0,0,0,0,,,,,,,,0,1,curtijo02
698,Luis Curvelo,24,TEX,AL,0,0,0,0,0,0,0,0,0,,,,,,,,0,1,curvelu01
699,Enyel De Los Santos,29,HOU,AL,0,0,0,0,0,0,0,0,0,,,,,,,,0,1,delosen01
700,Yerry De los Santos,27,NYY,AL,0,0,0,0,0,0,0,0,0,,,,,,,,0,1,delosye01
701,Edwin Díaz,31,NYM,NL,0,0,0,0,0,0,0,0,0,,,,,,,,0,1,diazed04
702,Seranthony Domínguez,30,BAL,AL,0,0,0,0,0,0,0,0,0,,,,,,,,0,1,dominse01
703,Jhoan Duran,27,MIN,AL,0,0,0,0,0,0,0,0,0,,,,,,,,0,1,duranjh01
704,Dietrich Enns*,34,BAL,AL,0,0,0,0,0,0,0,0,0,,,,,,,,0,1,ennsdi01
705,Lucas Erceg*,30,KCR,AL,0,0,0,0,0,0,0,0,0,,,,,,,,0,1,erceglu01
706,Carlos Estévez,32,KCR,AL,0,0,0,0,0,0,0,0,0,,,,,,,,0,1,estevca01
707,Tyler Ferguson,31,ATH,AL,0,0,0,0,0,0,0,0,0,,,,,,,,0,1,ferguty01
708,Jose A. Ferrer*,25,WSN,NL,0,0,0,0,0,0,0,0,0,,,,,,,,0,1,ferrejo01
709,Matt Festa,32,CLE,AL,0,0,0,0,0,0,0,0,0,,,,,,,,0,1,festama01
710,Kody Funderburk*,28,MIN,AL,0,0,0,0,0,0,0,0,0,,,,,,,,0,1,fundeko01
711,Brandyn Garcia*,25,ARI,NL,0,0,0,0,0,0,0,0,0,,,,,,,,0,1,garcibr02
712,Robert Garcia,29,TEX,AL,0,0,0,0,0,0,0,0,0,,,,,,,,0,1,garciro04
713,Yimi García,34,TOR,AL,0,0,0,0,0,0,0,0,0,,,,,,,,0,1,garciyi01
714,Josh Hader*,31,HOU,AL,0,0,0,0,0,0,0,0,0,,,,,,,,0,1,haderjo01
715,Seth Halvorsen,25,COL,NL,0,0,0,0,0,0,0,0,0,,,,,,,,0,1,halvose01
716,Emerson Hancock,26,SEA,AL,0,0,0,0,0,0,0,0,0,,,,,,,,0,1,hancoem01
717,Ryan Helsley,30,STL,NL,0,0,0,0,0,0,0,0,0,,,,,,,,0,1,helslry01
718,Tim Herrin*,28,CLE,AL,0,0,0,0,0,0,0,0,0,,,,,,,,0,1,herriti01
719,Jeff Hoffman,32,TOR,AL,0,0,0,0,0,0,0,0,0,,,,,,,,0,1,hoffmje02
720,Drey Jameson,27,ARI,NL,0,0,0,0,0,0,0,0,0,,,,,,,,0,/1,jamesdr01
721,Kenley Jansen#,37,LAA,AL,0,0,0,0,0,0,0,0,0,,,,,,,,0,1,janseke01
722,Griffin Jax,30,MIN,AL,0,0,0,0,0,0,0,0,0,,,,,,,,0,1,jaxgr01
723,Tommy Kahnle,35,DET,AL,0,0,0,0,0,0,0,0,0,,,,,,,,0,1,kahnlto01
724,Kevin Kelly,27,TBR,AL,0,0,0,0,0,0,0,0,0,,,,,,,,0,1,kellyke02
725,Michael Kelly,32,ATH,AL,0,0,0,0,0,0,0,0,0,,,,,,,,0,1,kellymi03
726,Andrew Kittredge,35,BAL,AL,0,0,0,0,0,0,0,0,0,,,,,,,,0,1,kittran01
727,Jordan Leasure,26,CHW,AL,0,0,0,0,0,0,0,0,0,,,,,,,,0,1,leasujo01
728,Casey Legumina,28,SEA,AL,0,0,0,0,0,0,0,0,0,,,,,,,,0,1,legumca01
729,Sam Long*,29,KCR,AL,0,0,0,0,0,0,0,0,0,,,,,,,,0,1,longsa01
730,Daniel Lynch IV*,28,KCR,AL,0,0,0,0,0,0,0,0,0,,,,,,,,0,1,lynchda02
731,Joe Mantiply,34,ARI,NL,0,0,0,0,0,0,0,0,0,,,,,,,,0,1,mantijo01
732,Justin Martínez,23,ARI,NL,0,0,0,0,0,0,0,0,0,,,,,,,,0,1,martiju01
733,Phil Maton,32,STL,NL,0,0,0,0,0,0,0,0,0,,,,,,,,0,1,matonph01
734,Tyler Matzek*,34,NYY,AL,0,0,0,0,0,0,0,0,0,,,,,,,,0,/1,matzety01
735,Juan Mejia,24,COL,NL,0,0,0,0,0,0,0,0,0,,,,,,,,0,1,mejiaju01
736,Shelby Miller,34,ARI,NL,0,0,0,0,0,0,0,0,0,,,,,,,,0,1,millesh01
737,Hoby Milner*,34,TEX,AL,0,0,0,0,0,0,0,0,0,,,,,,,,0,1,milneho01
738,Juan Morillo,26,ARI,NL,0,0,0,0,0,0,0,0,0,,,,,,,,0,1,morilju02
739,Kaleb Ort,33,HOU,AL,0,0,0,0,0,0,0,0,0,,,,,,,,0,1,ortka01
740,Tyler Owens,24,DET,AL,0,0,0,0,0,0,0,0,0,,,,,,,,0,/1,owensty01
741,Andre Pallante,26,STL,NL,0,0,0,0,0,0,0,0,0,,,,,,,,0,1,pallaan01
742,Cionel Pérez,29,BAL,AL,0,0,0,0,0,0,0,0,0,,,,,,,,0,1,perezci01
743,Konnor Pilkington*,27,WSN,NL,0,0,0,0,0,0,0,0,0,,,,,,,,0,1,pilkiko01
744,Zach Pop,28,SEA,AL,0,0,0,0,0,0,0,0,0,,,,,,,,0,/1,popza01
745,PJ Poulin,28,WSN,NL,0,0,0,0,0,0,0,0,0,,,,,,,,0,1,poulipj01
746,A.J. Puk*,30,ARI,NL,0,0,0,0,0,0,0,0,0,,,,,,,,0,/1,pukaj01
747,Trevor Richards,32,KCR,AL,0,0,0,0,0,0,0,0,0,,,,,,,,0,/1,richatr01
748,Tyler Rogers,34,SFG,NL,0,0,0,0,0,0,0,0,0,,,,,,,,0,1,rogerty01
749,Jackson Rutledge,26,WSN,NL,0,0,0,0,0,0,0,0,0,,,,,,,,0,1,rutleja01
750,Andrew Saalfrank*,27,ARI,NL,0,0,0,0,0,0,0,0,0,,,,,,,,0,1,saalfan01
751,Nick Sandlin,28,TOR,AL,0,0,0,0,0,0,0,0,0,,,,,,,,0,1,sandlni01
752,John Schreiber,31,KCR,AL,0,0,0,0,0,0,0,0,0,,,,,,,,0,1,schrejo01
753,Tanner Scott,30,LAD,NL,0,0,0,0,0,0,0,0,0,,,,,,,,0,1,scottta01
754,Connor Seabold,29,TBR,AL,0,0,0,0,0,0,0,0,0,,,,,,,,0,/1,seaboco01
755,Bennett Sousa*,30,HOU,AL,0,0,0,0,0,0,0,0,0,,,,,,,,0,1,sousabe01
756,Ryne Stanek,33,NYM,NL,0,0,0,0,0,0,0,0,0,,,,,,,,0,1,stanery01
757,Ryan Thompson,33,ARI,NL,0,0,0,0,0,0,0,0,0,,,,,,,,0,1,thompry02
758,Trent Thornton,31,SEA,AL,0,0,0,0,0,0,0,0,0,,,,,,,,0,1,thorntr01
759,Victor Vodnik,25,COL,NL,0,0,0,0,0,0,0,0,0,,,,,,,,0,1,vodnivi01
760,Ryan Walker,29,SFG,NL,0,0,0,0,0,0,0,0,0,,,,,,,,0,1,walkery01
761,Chad Wallach,33,LAA,AL,0,0,0,0,0,0,0,0,0,,,,,,,,0,/2,wallach01
762,Garrett Whitlock,29,BOS,AL,0,0,0,0,0,0,0,0,0,,,,,,,,0,1,whitlga01
763,Bryse Wilson,27,CHW,AL,0,0,0,0,0,0,0,0,0,,,,,,,,0,1,wilsobr02
,MLB Average,,,,,,,,,,,,,0.245,0.315,0.404,0.719,100,0.319,100,,,-9999